--- T_CARGO
INSERT INTO SYSCANVAS.T_CARGO (CODCARGO,DESCARGO,FLGMIEMPRESA,VIGENCIA,SINONIMOCARGO) VALUES (1,'Corredor','1','1',null);
INSERT INTO SYSCANVAS.T_CARGO (CODCARGO,DESCARGO,FLGMIEMPRESA,VIGENCIA,SINONIMOCARGO) VALUES (2,'Jefe de Proyecto','0','1',null);
INSERT INTO SYSCANVAS.T_CARGO (CODCARGO,DESCARGO,FLGMIEMPRESA,VIGENCIA,SINONIMOCARGO) VALUES (3,'Analista Senior','0','1',null);
INSERT INTO SYSCANVAS.T_CARGO (CODCARGO,DESCARGO,FLGMIEMPRESA,VIGENCIA,SINONIMOCARGO) VALUES (4,'Analista Junior','0','1',null);
INSERT INTO SYSCANVAS.T_CARGO (CODCARGO,DESCARGO,FLGMIEMPRESA,VIGENCIA,SINONIMOCARGO) VALUES (5,'Electricista','1','1',null);
INSERT INTO SYSCANVAS.T_CARGO (CODCARGO,DESCARGO,FLGMIEMPRESA,VIGENCIA,SINONIMOCARGO) VALUES (62,'Albañil','0','1',null);

--- T_CRITERIO_TRAMIF
INSERT INTO SYSCANVAS.T_CRITERIO_TRAMIF (CODCRITERIO,DENCRRITERIO,VIGENCIA) VALUES ('1','Pista mal','1');
INSERT INTO SYSCANVAS.T_CRITERIO_TRAMIF (CODCRITERIO,DENCRRITERIO,VIGENCIA) VALUES ('2','Pista Hueco','1');

--- T_DEPARTAMENTO
INSERT INTO SYSCANVAS.T_DEPARTAMENTO (CODDPTO,DESDPTO,VIGENTE) VALUES ('01','AMAZONAS','1');
INSERT INTO SYSCANVAS.T_DEPARTAMENTO (CODDPTO,DESDPTO,VIGENTE) VALUES ('02','ANCASH','1');
INSERT INTO SYSCANVAS.T_DEPARTAMENTO (CODDPTO,DESDPTO,VIGENTE) VALUES ('03','APURIMAC','1');
INSERT INTO SYSCANVAS.T_DEPARTAMENTO (CODDPTO,DESDPTO,VIGENTE) VALUES ('04','AREQUIPA','1');
INSERT INTO SYSCANVAS.T_DEPARTAMENTO (CODDPTO,DESDPTO,VIGENTE) VALUES ('05','AYACUCHO','1');
INSERT INTO SYSCANVAS.T_DEPARTAMENTO (CODDPTO,DESDPTO,VIGENTE) VALUES ('06','CAJAMARCA','1');
INSERT INTO SYSCANVAS.T_DEPARTAMENTO (CODDPTO,DESDPTO,VIGENTE) VALUES ('07','PROV. CONST. DEL CALLAO','1');
INSERT INTO SYSCANVAS.T_DEPARTAMENTO (CODDPTO,DESDPTO,VIGENTE) VALUES ('08','CUSCO','1');
INSERT INTO SYSCANVAS.T_DEPARTAMENTO (CODDPTO,DESDPTO,VIGENTE) VALUES ('09','HUANCAVELICA','1');
INSERT INTO SYSCANVAS.T_DEPARTAMENTO (CODDPTO,DESDPTO,VIGENTE) VALUES ('10','HUANUCO','1');
INSERT INTO SYSCANVAS.T_DEPARTAMENTO (CODDPTO,DESDPTO,VIGENTE) VALUES ('11','ICA','1');
INSERT INTO SYSCANVAS.T_DEPARTAMENTO (CODDPTO,DESDPTO,VIGENTE) VALUES ('12','JUNIN','1');
INSERT INTO SYSCANVAS.T_DEPARTAMENTO (CODDPTO,DESDPTO,VIGENTE) VALUES ('13','LA LIBERTAD','1');
INSERT INTO SYSCANVAS.T_DEPARTAMENTO (CODDPTO,DESDPTO,VIGENTE) VALUES ('14','LAMBAYEQUE','1');
INSERT INTO SYSCANVAS.T_DEPARTAMENTO (CODDPTO,DESDPTO,VIGENTE) VALUES ('15','LIMA','1');
INSERT INTO SYSCANVAS.T_DEPARTAMENTO (CODDPTO,DESDPTO,VIGENTE) VALUES ('16','LORETO','1');
INSERT INTO SYSCANVAS.T_DEPARTAMENTO (CODDPTO,DESDPTO,VIGENTE) VALUES ('17','MADRE DE DIOS','1');
INSERT INTO SYSCANVAS.T_DEPARTAMENTO (CODDPTO,DESDPTO,VIGENTE) VALUES ('18','MOQUEGUA','1');
INSERT INTO SYSCANVAS.T_DEPARTAMENTO (CODDPTO,DESDPTO,VIGENTE) VALUES ('19','PASCO','1');
INSERT INTO SYSCANVAS.T_DEPARTAMENTO (CODDPTO,DESDPTO,VIGENTE) VALUES ('20','PIURA','1');
INSERT INTO SYSCANVAS.T_DEPARTAMENTO (CODDPTO,DESDPTO,VIGENTE) VALUES ('21','PUNO','1');
INSERT INTO SYSCANVAS.T_DEPARTAMENTO (CODDPTO,DESDPTO,VIGENTE) VALUES ('22','SAN MARTIN','1');
INSERT INTO SYSCANVAS.T_DEPARTAMENTO (CODDPTO,DESDPTO,VIGENTE) VALUES ('23','TACNA','1');
INSERT INTO SYSCANVAS.T_DEPARTAMENTO (CODDPTO,DESDPTO,VIGENTE) VALUES ('24','TUMBES','1');
INSERT INTO SYSCANVAS.T_DEPARTAMENTO (CODDPTO,DESDPTO,VIGENTE) VALUES ('25','UCAYALI','1');
INSERT INTO SYSCANVAS.T_DEPARTAMENTO (CODDPTO,DESDPTO,VIGENTE) VALUES ('26','PRUEBA','1');

--- T_PROVINCIA
INSERT INTO SYSCANVAS.T_PROVINCIA (CODDPTO,CODPROV,DESPROV,VIGENTE) VALUES ('01','01','CHACHAPOYAS','1');
INSERT INTO SYSCANVAS.T_PROVINCIA (CODDPTO,CODPROV,DESPROV,VIGENTE) VALUES ('01','02','BAGUA','1');
INSERT INTO SYSCANVAS.T_PROVINCIA (CODDPTO,CODPROV,DESPROV,VIGENTE) VALUES ('01','03','BONGARA','1');
INSERT INTO SYSCANVAS.T_PROVINCIA (CODDPTO,CODPROV,DESPROV,VIGENTE) VALUES ('01','04','CONDORCANQUI','1');
INSERT INTO SYSCANVAS.T_PROVINCIA (CODDPTO,CODPROV,DESPROV,VIGENTE) VALUES ('01','05','LUYA','1');
INSERT INTO SYSCANVAS.T_PROVINCIA (CODDPTO,CODPROV,DESPROV,VIGENTE) VALUES ('01','06','RODRÍGUEZ DE MENDOZA','1');
INSERT INTO SYSCANVAS.T_PROVINCIA (CODDPTO,CODPROV,DESPROV,VIGENTE) VALUES ('01','07','UTCUBAMBA','1');
INSERT INTO SYSCANVAS.T_PROVINCIA (CODDPTO,CODPROV,DESPROV,VIGENTE) VALUES ('02','01','HUARAZ','1');
INSERT INTO SYSCANVAS.T_PROVINCIA (CODDPTO,CODPROV,DESPROV,VIGENTE) VALUES ('02','02','AIJA','1');
INSERT INTO SYSCANVAS.T_PROVINCIA (CODDPTO,CODPROV,DESPROV,VIGENTE) VALUES ('02','03','ANTONIO RAYMONDI','1');
INSERT INTO SYSCANVAS.T_PROVINCIA (CODDPTO,CODPROV,DESPROV,VIGENTE) VALUES ('02','04','ASUNCIÓN','1');
INSERT INTO SYSCANVAS.T_PROVINCIA (CODDPTO,CODPROV,DESPROV,VIGENTE) VALUES ('02','05','BOLOGNESI','1');
INSERT INTO SYSCANVAS.T_PROVINCIA (CODDPTO,CODPROV,DESPROV,VIGENTE) VALUES ('02','06','CARHUAZ','1');
INSERT INTO SYSCANVAS.T_PROVINCIA (CODDPTO,CODPROV,DESPROV,VIGENTE) VALUES ('02','07','CARLOS F. FITZCARRALD','1');
INSERT INTO SYSCANVAS.T_PROVINCIA (CODDPTO,CODPROV,DESPROV,VIGENTE) VALUES ('02','08','CASMA','1');
INSERT INTO SYSCANVAS.T_PROVINCIA (CODDPTO,CODPROV,DESPROV,VIGENTE) VALUES ('02','09','CORONGO','1');
INSERT INTO SYSCANVAS.T_PROVINCIA (CODDPTO,CODPROV,DESPROV,VIGENTE) VALUES ('02','10','HUARI','1');
INSERT INTO SYSCANVAS.T_PROVINCIA (CODDPTO,CODPROV,DESPROV,VIGENTE) VALUES ('02','11','HUARMEY','1');
INSERT INTO SYSCANVAS.T_PROVINCIA (CODDPTO,CODPROV,DESPROV,VIGENTE) VALUES ('02','12','HUAYLAS','1');
INSERT INTO SYSCANVAS.T_PROVINCIA (CODDPTO,CODPROV,DESPROV,VIGENTE) VALUES ('02','13','MARISCAL LUZURIAGA','1');
INSERT INTO SYSCANVAS.T_PROVINCIA (CODDPTO,CODPROV,DESPROV,VIGENTE) VALUES ('02','14','OCROS','1');
INSERT INTO SYSCANVAS.T_PROVINCIA (CODDPTO,CODPROV,DESPROV,VIGENTE) VALUES ('02','15','PALLASCA','1');
INSERT INTO SYSCANVAS.T_PROVINCIA (CODDPTO,CODPROV,DESPROV,VIGENTE) VALUES ('02','16','POMABAMBA','1');
INSERT INTO SYSCANVAS.T_PROVINCIA (CODDPTO,CODPROV,DESPROV,VIGENTE) VALUES ('02','17','RECUAY','1');
INSERT INTO SYSCANVAS.T_PROVINCIA (CODDPTO,CODPROV,DESPROV,VIGENTE) VALUES ('02','18','SANTA','1');
INSERT INTO SYSCANVAS.T_PROVINCIA (CODDPTO,CODPROV,DESPROV,VIGENTE) VALUES ('02','19','SIHUAS','1');
INSERT INTO SYSCANVAS.T_PROVINCIA (CODDPTO,CODPROV,DESPROV,VIGENTE) VALUES ('02','20','YUNGAY','1');
INSERT INTO SYSCANVAS.T_PROVINCIA (CODDPTO,CODPROV,DESPROV,VIGENTE) VALUES ('03','01','ABANCAY','1');
INSERT INTO SYSCANVAS.T_PROVINCIA (CODDPTO,CODPROV,DESPROV,VIGENTE) VALUES ('03','02','ANDAHUAYLAS','1');
INSERT INTO SYSCANVAS.T_PROVINCIA (CODDPTO,CODPROV,DESPROV,VIGENTE) VALUES ('03','03','ANTABAMBA','1');
INSERT INTO SYSCANVAS.T_PROVINCIA (CODDPTO,CODPROV,DESPROV,VIGENTE) VALUES ('03','04','AYMARAES','1');
INSERT INTO SYSCANVAS.T_PROVINCIA (CODDPTO,CODPROV,DESPROV,VIGENTE) VALUES ('03','05','COTABAMBAS','1');
INSERT INTO SYSCANVAS.T_PROVINCIA (CODDPTO,CODPROV,DESPROV,VIGENTE) VALUES ('03','06','CHINCHEROS','1');
INSERT INTO SYSCANVAS.T_PROVINCIA (CODDPTO,CODPROV,DESPROV,VIGENTE) VALUES ('03','07','GRAU','1');
INSERT INTO SYSCANVAS.T_PROVINCIA (CODDPTO,CODPROV,DESPROV,VIGENTE) VALUES ('04','01','AREQUIPA','1');
INSERT INTO SYSCANVAS.T_PROVINCIA (CODDPTO,CODPROV,DESPROV,VIGENTE) VALUES ('04','02','CAMANA','1');
INSERT INTO SYSCANVAS.T_PROVINCIA (CODDPTO,CODPROV,DESPROV,VIGENTE) VALUES ('04','03','CARAVELI','1');
INSERT INTO SYSCANVAS.T_PROVINCIA (CODDPTO,CODPROV,DESPROV,VIGENTE) VALUES ('04','04','CASTILLA','1');
INSERT INTO SYSCANVAS.T_PROVINCIA (CODDPTO,CODPROV,DESPROV,VIGENTE) VALUES ('04','05','CAYLLOMA','1');
INSERT INTO SYSCANVAS.T_PROVINCIA (CODDPTO,CODPROV,DESPROV,VIGENTE) VALUES ('04','06','CONDESUYOS','1');
INSERT INTO SYSCANVAS.T_PROVINCIA (CODDPTO,CODPROV,DESPROV,VIGENTE) VALUES ('04','07','ISLAY','1');
INSERT INTO SYSCANVAS.T_PROVINCIA (CODDPTO,CODPROV,DESPROV,VIGENTE) VALUES ('04','08','LA UNION','1');
INSERT INTO SYSCANVAS.T_PROVINCIA (CODDPTO,CODPROV,DESPROV,VIGENTE) VALUES ('05','01','HUAMANGA','1');
INSERT INTO SYSCANVAS.T_PROVINCIA (CODDPTO,CODPROV,DESPROV,VIGENTE) VALUES ('05','02','CANGALLO','1');
INSERT INTO SYSCANVAS.T_PROVINCIA (CODDPTO,CODPROV,DESPROV,VIGENTE) VALUES ('05','03','HUANCA SANCOS','1');
INSERT INTO SYSCANVAS.T_PROVINCIA (CODDPTO,CODPROV,DESPROV,VIGENTE) VALUES ('05','04','HUANTA','1');
INSERT INTO SYSCANVAS.T_PROVINCIA (CODDPTO,CODPROV,DESPROV,VIGENTE) VALUES ('05','05','LA MAR','1');
INSERT INTO SYSCANVAS.T_PROVINCIA (CODDPTO,CODPROV,DESPROV,VIGENTE) VALUES ('05','06','LUCANAS','1');
INSERT INTO SYSCANVAS.T_PROVINCIA (CODDPTO,CODPROV,DESPROV,VIGENTE) VALUES ('05','07','PARINACOCHAS','1');
INSERT INTO SYSCANVAS.T_PROVINCIA (CODDPTO,CODPROV,DESPROV,VIGENTE) VALUES ('05','08','PAUCAR DEL SARA SARA','1');
INSERT INTO SYSCANVAS.T_PROVINCIA (CODDPTO,CODPROV,DESPROV,VIGENTE) VALUES ('05','09','SUCRE','1');
INSERT INTO SYSCANVAS.T_PROVINCIA (CODDPTO,CODPROV,DESPROV,VIGENTE) VALUES ('05','10','VICTOR FAJARDO','1');
INSERT INTO SYSCANVAS.T_PROVINCIA (CODDPTO,CODPROV,DESPROV,VIGENTE) VALUES ('05','11','VILCAS HUAMAN','1');
INSERT INTO SYSCANVAS.T_PROVINCIA (CODDPTO,CODPROV,DESPROV,VIGENTE) VALUES ('06','01','CAJAMARCA','1');
INSERT INTO SYSCANVAS.T_PROVINCIA (CODDPTO,CODPROV,DESPROV,VIGENTE) VALUES ('06','02','CAJABAMBA','1');
INSERT INTO SYSCANVAS.T_PROVINCIA (CODDPTO,CODPROV,DESPROV,VIGENTE) VALUES ('06','03','CELENDIN','1');
INSERT INTO SYSCANVAS.T_PROVINCIA (CODDPTO,CODPROV,DESPROV,VIGENTE) VALUES ('06','04','CHOTA','1');
INSERT INTO SYSCANVAS.T_PROVINCIA (CODDPTO,CODPROV,DESPROV,VIGENTE) VALUES ('06','05','CONTUMAZA','1');
INSERT INTO SYSCANVAS.T_PROVINCIA (CODDPTO,CODPROV,DESPROV,VIGENTE) VALUES ('06','06','CUTERVO','1');
INSERT INTO SYSCANVAS.T_PROVINCIA (CODDPTO,CODPROV,DESPROV,VIGENTE) VALUES ('06','07','HUALGAYOC','1');
INSERT INTO SYSCANVAS.T_PROVINCIA (CODDPTO,CODPROV,DESPROV,VIGENTE) VALUES ('06','08','JAEN','1');
INSERT INTO SYSCANVAS.T_PROVINCIA (CODDPTO,CODPROV,DESPROV,VIGENTE) VALUES ('06','09','SAN IGNACIO','1');
INSERT INTO SYSCANVAS.T_PROVINCIA (CODDPTO,CODPROV,DESPROV,VIGENTE) VALUES ('06','10','SAN MARCOS','1');
INSERT INTO SYSCANVAS.T_PROVINCIA (CODDPTO,CODPROV,DESPROV,VIGENTE) VALUES ('06','11','SAN MIGUEL','1');
INSERT INTO SYSCANVAS.T_PROVINCIA (CODDPTO,CODPROV,DESPROV,VIGENTE) VALUES ('06','12','SAN PABLO','1');
INSERT INTO SYSCANVAS.T_PROVINCIA (CODDPTO,CODPROV,DESPROV,VIGENTE) VALUES ('06','13','SANTA CRUZ','1');
INSERT INTO SYSCANVAS.T_PROVINCIA (CODDPTO,CODPROV,DESPROV,VIGENTE) VALUES ('07','01','PROV. CONST. DEL CALLAO','1');
INSERT INTO SYSCANVAS.T_PROVINCIA (CODDPTO,CODPROV,DESPROV,VIGENTE) VALUES ('08','01','CUSCO','1');
INSERT INTO SYSCANVAS.T_PROVINCIA (CODDPTO,CODPROV,DESPROV,VIGENTE) VALUES ('08','02','ACOMAYO','1');
INSERT INTO SYSCANVAS.T_PROVINCIA (CODDPTO,CODPROV,DESPROV,VIGENTE) VALUES ('08','03','ANTA','1');
INSERT INTO SYSCANVAS.T_PROVINCIA (CODDPTO,CODPROV,DESPROV,VIGENTE) VALUES ('08','04','CALCA','1');
INSERT INTO SYSCANVAS.T_PROVINCIA (CODDPTO,CODPROV,DESPROV,VIGENTE) VALUES ('08','05','CANAS','1');
INSERT INTO SYSCANVAS.T_PROVINCIA (CODDPTO,CODPROV,DESPROV,VIGENTE) VALUES ('08','06','CANCHIS','1');
INSERT INTO SYSCANVAS.T_PROVINCIA (CODDPTO,CODPROV,DESPROV,VIGENTE) VALUES ('08','07','CHUMBIVILCAS','1');
INSERT INTO SYSCANVAS.T_PROVINCIA (CODDPTO,CODPROV,DESPROV,VIGENTE) VALUES ('08','08','ESPINAR','1');
INSERT INTO SYSCANVAS.T_PROVINCIA (CODDPTO,CODPROV,DESPROV,VIGENTE) VALUES ('08','09','LA CONVENCION','1');
INSERT INTO SYSCANVAS.T_PROVINCIA (CODDPTO,CODPROV,DESPROV,VIGENTE) VALUES ('08','10','PARURO','1');
INSERT INTO SYSCANVAS.T_PROVINCIA (CODDPTO,CODPROV,DESPROV,VIGENTE) VALUES ('08','11','PAUCARTAMBO','1');
INSERT INTO SYSCANVAS.T_PROVINCIA (CODDPTO,CODPROV,DESPROV,VIGENTE) VALUES ('08','12','QUISPICANCHI','1');
INSERT INTO SYSCANVAS.T_PROVINCIA (CODDPTO,CODPROV,DESPROV,VIGENTE) VALUES ('08','13','URUBAMBA','1');
INSERT INTO SYSCANVAS.T_PROVINCIA (CODDPTO,CODPROV,DESPROV,VIGENTE) VALUES ('09','01','HUANCAVELICA','1');
INSERT INTO SYSCANVAS.T_PROVINCIA (CODDPTO,CODPROV,DESPROV,VIGENTE) VALUES ('09','02','ACOBAMBA','1');
INSERT INTO SYSCANVAS.T_PROVINCIA (CODDPTO,CODPROV,DESPROV,VIGENTE) VALUES ('09','03','ANGARAES','1');
INSERT INTO SYSCANVAS.T_PROVINCIA (CODDPTO,CODPROV,DESPROV,VIGENTE) VALUES ('09','04','CASTROVIRREYNA','1');
INSERT INTO SYSCANVAS.T_PROVINCIA (CODDPTO,CODPROV,DESPROV,VIGENTE) VALUES ('09','05','CHURCAMPA','1');
INSERT INTO SYSCANVAS.T_PROVINCIA (CODDPTO,CODPROV,DESPROV,VIGENTE) VALUES ('09','06','HUAYTARA','1');
INSERT INTO SYSCANVAS.T_PROVINCIA (CODDPTO,CODPROV,DESPROV,VIGENTE) VALUES ('09','07','TAYACAJA','1');
INSERT INTO SYSCANVAS.T_PROVINCIA (CODDPTO,CODPROV,DESPROV,VIGENTE) VALUES ('10','01','HUANUCO','1');
INSERT INTO SYSCANVAS.T_PROVINCIA (CODDPTO,CODPROV,DESPROV,VIGENTE) VALUES ('10','02','AMBO','1');
INSERT INTO SYSCANVAS.T_PROVINCIA (CODDPTO,CODPROV,DESPROV,VIGENTE) VALUES ('10','03','DOS DE MAYO','1');
INSERT INTO SYSCANVAS.T_PROVINCIA (CODDPTO,CODPROV,DESPROV,VIGENTE) VALUES ('10','04','HUACAYBAMBA','1');
INSERT INTO SYSCANVAS.T_PROVINCIA (CODDPTO,CODPROV,DESPROV,VIGENTE) VALUES ('10','05','HUAMALIES','1');
INSERT INTO SYSCANVAS.T_PROVINCIA (CODDPTO,CODPROV,DESPROV,VIGENTE) VALUES ('10','06','LEONCIO PRADO','1');
INSERT INTO SYSCANVAS.T_PROVINCIA (CODDPTO,CODPROV,DESPROV,VIGENTE) VALUES ('10','07','MARAÑON','1');
INSERT INTO SYSCANVAS.T_PROVINCIA (CODDPTO,CODPROV,DESPROV,VIGENTE) VALUES ('10','08','PACHITEA','1');
INSERT INTO SYSCANVAS.T_PROVINCIA (CODDPTO,CODPROV,DESPROV,VIGENTE) VALUES ('10','09','PUERTO INCA','1');
INSERT INTO SYSCANVAS.T_PROVINCIA (CODDPTO,CODPROV,DESPROV,VIGENTE) VALUES ('10','10','LAURICOCHA','1');
INSERT INTO SYSCANVAS.T_PROVINCIA (CODDPTO,CODPROV,DESPROV,VIGENTE) VALUES ('10','11','YAROWILCA','1');
INSERT INTO SYSCANVAS.T_PROVINCIA (CODDPTO,CODPROV,DESPROV,VIGENTE) VALUES ('11','01','ICA','1');
INSERT INTO SYSCANVAS.T_PROVINCIA (CODDPTO,CODPROV,DESPROV,VIGENTE) VALUES ('11','02','CHINCHA','1');
INSERT INTO SYSCANVAS.T_PROVINCIA (CODDPTO,CODPROV,DESPROV,VIGENTE) VALUES ('11','03','NAZCA','1');
INSERT INTO SYSCANVAS.T_PROVINCIA (CODDPTO,CODPROV,DESPROV,VIGENTE) VALUES ('11','04','PALPA','1');
INSERT INTO SYSCANVAS.T_PROVINCIA (CODDPTO,CODPROV,DESPROV,VIGENTE) VALUES ('11','05','PISCO','1');
INSERT INTO SYSCANVAS.T_PROVINCIA (CODDPTO,CODPROV,DESPROV,VIGENTE) VALUES ('12','01','HUANCAYO','1');
INSERT INTO SYSCANVAS.T_PROVINCIA (CODDPTO,CODPROV,DESPROV,VIGENTE) VALUES ('12','02','CONCEPCION','1');
INSERT INTO SYSCANVAS.T_PROVINCIA (CODDPTO,CODPROV,DESPROV,VIGENTE) VALUES ('12','03','CHANCHAMAYO','1');
INSERT INTO SYSCANVAS.T_PROVINCIA (CODDPTO,CODPROV,DESPROV,VIGENTE) VALUES ('12','04','JAUJA','1');
INSERT INTO SYSCANVAS.T_PROVINCIA (CODDPTO,CODPROV,DESPROV,VIGENTE) VALUES ('12','05','JUNIN','1');
INSERT INTO SYSCANVAS.T_PROVINCIA (CODDPTO,CODPROV,DESPROV,VIGENTE) VALUES ('12','06','SATIPO','1');
INSERT INTO SYSCANVAS.T_PROVINCIA (CODDPTO,CODPROV,DESPROV,VIGENTE) VALUES ('12','07','TARMA','1');
INSERT INTO SYSCANVAS.T_PROVINCIA (CODDPTO,CODPROV,DESPROV,VIGENTE) VALUES ('12','08','YAULI','1');
INSERT INTO SYSCANVAS.T_PROVINCIA (CODDPTO,CODPROV,DESPROV,VIGENTE) VALUES ('12','09','CHUPACA','1');
INSERT INTO SYSCANVAS.T_PROVINCIA (CODDPTO,CODPROV,DESPROV,VIGENTE) VALUES ('13','01','TRUJILLO','1');
INSERT INTO SYSCANVAS.T_PROVINCIA (CODDPTO,CODPROV,DESPROV,VIGENTE) VALUES ('13','02','ASCOPE','1');
INSERT INTO SYSCANVAS.T_PROVINCIA (CODDPTO,CODPROV,DESPROV,VIGENTE) VALUES ('13','03','BOLIVAR','1');
INSERT INTO SYSCANVAS.T_PROVINCIA (CODDPTO,CODPROV,DESPROV,VIGENTE) VALUES ('13','04','CHEPEN','1');
INSERT INTO SYSCANVAS.T_PROVINCIA (CODDPTO,CODPROV,DESPROV,VIGENTE) VALUES ('13','05','JULCAN','1');
INSERT INTO SYSCANVAS.T_PROVINCIA (CODDPTO,CODPROV,DESPROV,VIGENTE) VALUES ('13','06','OTUZCO','1');
INSERT INTO SYSCANVAS.T_PROVINCIA (CODDPTO,CODPROV,DESPROV,VIGENTE) VALUES ('13','07','PACASMAYO','1');
INSERT INTO SYSCANVAS.T_PROVINCIA (CODDPTO,CODPROV,DESPROV,VIGENTE) VALUES ('13','08','PATAZ','1');
INSERT INTO SYSCANVAS.T_PROVINCIA (CODDPTO,CODPROV,DESPROV,VIGENTE) VALUES ('13','09','SANCHEZ CARRION','1');
INSERT INTO SYSCANVAS.T_PROVINCIA (CODDPTO,CODPROV,DESPROV,VIGENTE) VALUES ('13','10','SANTIAGO DE CHUCO','1');
INSERT INTO SYSCANVAS.T_PROVINCIA (CODDPTO,CODPROV,DESPROV,VIGENTE) VALUES ('13','11','GRAN CHIMU','1');
INSERT INTO SYSCANVAS.T_PROVINCIA (CODDPTO,CODPROV,DESPROV,VIGENTE) VALUES ('13','12','VIRU','1');
INSERT INTO SYSCANVAS.T_PROVINCIA (CODDPTO,CODPROV,DESPROV,VIGENTE) VALUES ('14','01','CHICLAYO','1');
INSERT INTO SYSCANVAS.T_PROVINCIA (CODDPTO,CODPROV,DESPROV,VIGENTE) VALUES ('14','02','FERREÑAFE','1');
INSERT INTO SYSCANVAS.T_PROVINCIA (CODDPTO,CODPROV,DESPROV,VIGENTE) VALUES ('14','03','LAMBAYEQUE','1');
INSERT INTO SYSCANVAS.T_PROVINCIA (CODDPTO,CODPROV,DESPROV,VIGENTE) VALUES ('15','01','LIMA','1');
INSERT INTO SYSCANVAS.T_PROVINCIA (CODDPTO,CODPROV,DESPROV,VIGENTE) VALUES ('15','02','BARRANCA','1');
INSERT INTO SYSCANVAS.T_PROVINCIA (CODDPTO,CODPROV,DESPROV,VIGENTE) VALUES ('15','03','CAJATAMBO','1');
INSERT INTO SYSCANVAS.T_PROVINCIA (CODDPTO,CODPROV,DESPROV,VIGENTE) VALUES ('15','04','CANTA','1');
INSERT INTO SYSCANVAS.T_PROVINCIA (CODDPTO,CODPROV,DESPROV,VIGENTE) VALUES ('15','05','CAÑETE','1');
INSERT INTO SYSCANVAS.T_PROVINCIA (CODDPTO,CODPROV,DESPROV,VIGENTE) VALUES ('15','06','HUARAL','1');
INSERT INTO SYSCANVAS.T_PROVINCIA (CODDPTO,CODPROV,DESPROV,VIGENTE) VALUES ('15','07','HUAROCHIRI','1');
INSERT INTO SYSCANVAS.T_PROVINCIA (CODDPTO,CODPROV,DESPROV,VIGENTE) VALUES ('15','08','HUAURA','1');
INSERT INTO SYSCANVAS.T_PROVINCIA (CODDPTO,CODPROV,DESPROV,VIGENTE) VALUES ('15','09','OYON','1');
INSERT INTO SYSCANVAS.T_PROVINCIA (CODDPTO,CODPROV,DESPROV,VIGENTE) VALUES ('15','10','YAUYOS','1');
INSERT INTO SYSCANVAS.T_PROVINCIA (CODDPTO,CODPROV,DESPROV,VIGENTE) VALUES ('16','01','MAYNAS','1');
INSERT INTO SYSCANVAS.T_PROVINCIA (CODDPTO,CODPROV,DESPROV,VIGENTE) VALUES ('16','02','ALTO AMAZONAS','1');
INSERT INTO SYSCANVAS.T_PROVINCIA (CODDPTO,CODPROV,DESPROV,VIGENTE) VALUES ('16','03','LORETO','1');
INSERT INTO SYSCANVAS.T_PROVINCIA (CODDPTO,CODPROV,DESPROV,VIGENTE) VALUES ('16','04','MARISCAL RAMON CASTILLA','1');
INSERT INTO SYSCANVAS.T_PROVINCIA (CODDPTO,CODPROV,DESPROV,VIGENTE) VALUES ('16','05','REQUENA','1');
INSERT INTO SYSCANVAS.T_PROVINCIA (CODDPTO,CODPROV,DESPROV,VIGENTE) VALUES ('16','06','UCAYALI','1');
INSERT INTO SYSCANVAS.T_PROVINCIA (CODDPTO,CODPROV,DESPROV,VIGENTE) VALUES ('16','07','DATEM DEL MARAÑON','1');
INSERT INTO SYSCANVAS.T_PROVINCIA (CODDPTO,CODPROV,DESPROV,VIGENTE) VALUES ('17','01','TAMBOPATA','1');
INSERT INTO SYSCANVAS.T_PROVINCIA (CODDPTO,CODPROV,DESPROV,VIGENTE) VALUES ('17','02','MANU','1');
INSERT INTO SYSCANVAS.T_PROVINCIA (CODDPTO,CODPROV,DESPROV,VIGENTE) VALUES ('17','03','TAHUAMANU','1');
INSERT INTO SYSCANVAS.T_PROVINCIA (CODDPTO,CODPROV,DESPROV,VIGENTE) VALUES ('18','01','MARISCAL NIETO','1');
INSERT INTO SYSCANVAS.T_PROVINCIA (CODDPTO,CODPROV,DESPROV,VIGENTE) VALUES ('18','02','GENERAL SANCHEZ CERRO','1');
INSERT INTO SYSCANVAS.T_PROVINCIA (CODDPTO,CODPROV,DESPROV,VIGENTE) VALUES ('18','03','ILO','1');
INSERT INTO SYSCANVAS.T_PROVINCIA (CODDPTO,CODPROV,DESPROV,VIGENTE) VALUES ('19','01','PASCO','1');
INSERT INTO SYSCANVAS.T_PROVINCIA (CODDPTO,CODPROV,DESPROV,VIGENTE) VALUES ('19','02','DANIEL ALCIDES CARRION','1');
INSERT INTO SYSCANVAS.T_PROVINCIA (CODDPTO,CODPROV,DESPROV,VIGENTE) VALUES ('19','03','OXAPAMPA','1');
INSERT INTO SYSCANVAS.T_PROVINCIA (CODDPTO,CODPROV,DESPROV,VIGENTE) VALUES ('20','01','PIURA','1');
INSERT INTO SYSCANVAS.T_PROVINCIA (CODDPTO,CODPROV,DESPROV,VIGENTE) VALUES ('20','02','AYABACA','1');
INSERT INTO SYSCANVAS.T_PROVINCIA (CODDPTO,CODPROV,DESPROV,VIGENTE) VALUES ('20','03','HUANCABAMBA','1');
INSERT INTO SYSCANVAS.T_PROVINCIA (CODDPTO,CODPROV,DESPROV,VIGENTE) VALUES ('20','04','MORROPON','1');
INSERT INTO SYSCANVAS.T_PROVINCIA (CODDPTO,CODPROV,DESPROV,VIGENTE) VALUES ('20','05','PAITA','1');
INSERT INTO SYSCANVAS.T_PROVINCIA (CODDPTO,CODPROV,DESPROV,VIGENTE) VALUES ('20','06','SULLANA','1');
INSERT INTO SYSCANVAS.T_PROVINCIA (CODDPTO,CODPROV,DESPROV,VIGENTE) VALUES ('20','07','TALARA','1');
INSERT INTO SYSCANVAS.T_PROVINCIA (CODDPTO,CODPROV,DESPROV,VIGENTE) VALUES ('20','08','SECHURA','1');
INSERT INTO SYSCANVAS.T_PROVINCIA (CODDPTO,CODPROV,DESPROV,VIGENTE) VALUES ('21','01','PUNO','1');
INSERT INTO SYSCANVAS.T_PROVINCIA (CODDPTO,CODPROV,DESPROV,VIGENTE) VALUES ('21','02','AZANGARO','1');
INSERT INTO SYSCANVAS.T_PROVINCIA (CODDPTO,CODPROV,DESPROV,VIGENTE) VALUES ('21','03','CARABAYA','1');
INSERT INTO SYSCANVAS.T_PROVINCIA (CODDPTO,CODPROV,DESPROV,VIGENTE) VALUES ('21','04','CHUCUITO','1');
INSERT INTO SYSCANVAS.T_PROVINCIA (CODDPTO,CODPROV,DESPROV,VIGENTE) VALUES ('21','05','EL COLLAO','1');
INSERT INTO SYSCANVAS.T_PROVINCIA (CODDPTO,CODPROV,DESPROV,VIGENTE) VALUES ('21','06','HUANCANE','1');
INSERT INTO SYSCANVAS.T_PROVINCIA (CODDPTO,CODPROV,DESPROV,VIGENTE) VALUES ('21','07','LAMPA','1');
INSERT INTO SYSCANVAS.T_PROVINCIA (CODDPTO,CODPROV,DESPROV,VIGENTE) VALUES ('21','08','MELGAR','1');
INSERT INTO SYSCANVAS.T_PROVINCIA (CODDPTO,CODPROV,DESPROV,VIGENTE) VALUES ('21','09','MOHO','1');
INSERT INTO SYSCANVAS.T_PROVINCIA (CODDPTO,CODPROV,DESPROV,VIGENTE) VALUES ('21','10','SAN ANTONIO DE PUTINA','1');
INSERT INTO SYSCANVAS.T_PROVINCIA (CODDPTO,CODPROV,DESPROV,VIGENTE) VALUES ('21','11','SAN ROMAN','1');
INSERT INTO SYSCANVAS.T_PROVINCIA (CODDPTO,CODPROV,DESPROV,VIGENTE) VALUES ('21','12','SANDIA','1');
INSERT INTO SYSCANVAS.T_PROVINCIA (CODDPTO,CODPROV,DESPROV,VIGENTE) VALUES ('21','13','YUNGUYO','1');
INSERT INTO SYSCANVAS.T_PROVINCIA (CODDPTO,CODPROV,DESPROV,VIGENTE) VALUES ('22','01','MOYOBAMBA','1');
INSERT INTO SYSCANVAS.T_PROVINCIA (CODDPTO,CODPROV,DESPROV,VIGENTE) VALUES ('22','02','BELLAVISTA','1');
INSERT INTO SYSCANVAS.T_PROVINCIA (CODDPTO,CODPROV,DESPROV,VIGENTE) VALUES ('22','03','EL DORADO','1');
INSERT INTO SYSCANVAS.T_PROVINCIA (CODDPTO,CODPROV,DESPROV,VIGENTE) VALUES ('22','04','HUALLAGA','1');
INSERT INTO SYSCANVAS.T_PROVINCIA (CODDPTO,CODPROV,DESPROV,VIGENTE) VALUES ('22','05','LAMAS','1');
INSERT INTO SYSCANVAS.T_PROVINCIA (CODDPTO,CODPROV,DESPROV,VIGENTE) VALUES ('22','06','MARISCAL CACERES','1');
INSERT INTO SYSCANVAS.T_PROVINCIA (CODDPTO,CODPROV,DESPROV,VIGENTE) VALUES ('22','07','PICOTA','1');
INSERT INTO SYSCANVAS.T_PROVINCIA (CODDPTO,CODPROV,DESPROV,VIGENTE) VALUES ('22','08','RIOJA','1');
INSERT INTO SYSCANVAS.T_PROVINCIA (CODDPTO,CODPROV,DESPROV,VIGENTE) VALUES ('22','09','SAN MARTIN','1');
INSERT INTO SYSCANVAS.T_PROVINCIA (CODDPTO,CODPROV,DESPROV,VIGENTE) VALUES ('22','10','TOCACHE','1');
INSERT INTO SYSCANVAS.T_PROVINCIA (CODDPTO,CODPROV,DESPROV,VIGENTE) VALUES ('23','01','TACNA','1');
INSERT INTO SYSCANVAS.T_PROVINCIA (CODDPTO,CODPROV,DESPROV,VIGENTE) VALUES ('23','02','CANDARAVE','1');
INSERT INTO SYSCANVAS.T_PROVINCIA (CODDPTO,CODPROV,DESPROV,VIGENTE) VALUES ('23','03','JORGE BASADRE','1');
INSERT INTO SYSCANVAS.T_PROVINCIA (CODDPTO,CODPROV,DESPROV,VIGENTE) VALUES ('23','04','TARATA','1');
INSERT INTO SYSCANVAS.T_PROVINCIA (CODDPTO,CODPROV,DESPROV,VIGENTE) VALUES ('24','01','TUMBES','1');
INSERT INTO SYSCANVAS.T_PROVINCIA (CODDPTO,CODPROV,DESPROV,VIGENTE) VALUES ('24','02','CONTRALMIRANTE VILLAR','1');
INSERT INTO SYSCANVAS.T_PROVINCIA (CODDPTO,CODPROV,DESPROV,VIGENTE) VALUES ('24','03','ZARUMILLA','1');
INSERT INTO SYSCANVAS.T_PROVINCIA (CODDPTO,CODPROV,DESPROV,VIGENTE) VALUES ('25','01','CORONEL PORTILLO','1');
INSERT INTO SYSCANVAS.T_PROVINCIA (CODDPTO,CODPROV,DESPROV,VIGENTE) VALUES ('25','02','ATALAYA','1');
INSERT INTO SYSCANVAS.T_PROVINCIA (CODDPTO,CODPROV,DESPROV,VIGENTE) VALUES ('25','03','PADRE ABAD','1');
INSERT INTO SYSCANVAS.T_PROVINCIA (CODDPTO,CODPROV,DESPROV,VIGENTE) VALUES ('25','04','PURUS','1');
INSERT INTO SYSCANVAS.T_PROVINCIA (CODDPTO,CODPROV,DESPROV,VIGENTE) VALUES ('26','21','provincia Prueba','1');

--- T_DISTRITO
INSERT INTO SYSCANVAS.T_DISTRITO (CODDPTO,CODPROV,CODDIST,DESDIST,VIGENTE) VALUES ('03','01','02','CHACOCHE','1');
INSERT INTO SYSCANVAS.T_DISTRITO (CODDPTO,CODPROV,CODDIST,DESDIST,VIGENTE) VALUES ('03','01','03','CIRCA','1');
INSERT INTO SYSCANVAS.T_DISTRITO (CODDPTO,CODPROV,CODDIST,DESDIST,VIGENTE) VALUES ('03','01','04','CURAHUASI','1');
INSERT INTO SYSCANVAS.T_DISTRITO (CODDPTO,CODPROV,CODDIST,DESDIST,VIGENTE) VALUES ('03','01','05','HUANIPACA','1');
INSERT INTO SYSCANVAS.T_DISTRITO (CODDPTO,CODPROV,CODDIST,DESDIST,VIGENTE) VALUES ('03','01','06','LAMBRAMA','1');
INSERT INTO SYSCANVAS.T_DISTRITO (CODDPTO,CODPROV,CODDIST,DESDIST,VIGENTE) VALUES ('03','01','07','PICHIRHUA','1');
INSERT INTO SYSCANVAS.T_DISTRITO (CODDPTO,CODPROV,CODDIST,DESDIST,VIGENTE) VALUES ('03','01','08','SAN PEDRO DE CACHORA','1');
INSERT INTO SYSCANVAS.T_DISTRITO (CODDPTO,CODPROV,CODDIST,DESDIST,VIGENTE) VALUES ('03','01','09','TAMBURCO','1');
INSERT INTO SYSCANVAS.T_DISTRITO (CODDPTO,CODPROV,CODDIST,DESDIST,VIGENTE) VALUES ('03','02','01','ANDAHUAYLAS','1');
INSERT INTO SYSCANVAS.T_DISTRITO (CODDPTO,CODPROV,CODDIST,DESDIST,VIGENTE) VALUES ('03','02','02','ANDARAPA','1');
INSERT INTO SYSCANVAS.T_DISTRITO (CODDPTO,CODPROV,CODDIST,DESDIST,VIGENTE) VALUES ('03','02','03','CHIARA','1');
INSERT INTO SYSCANVAS.T_DISTRITO (CODDPTO,CODPROV,CODDIST,DESDIST,VIGENTE) VALUES ('03','02','04','HUANCARAMA','1');
INSERT INTO SYSCANVAS.T_DISTRITO (CODDPTO,CODPROV,CODDIST,DESDIST,VIGENTE) VALUES ('03','02','05','HUANCARAY','1');
INSERT INTO SYSCANVAS.T_DISTRITO (CODDPTO,CODPROV,CODDIST,DESDIST,VIGENTE) VALUES ('03','02','06','HUAYANA','1');
INSERT INTO SYSCANVAS.T_DISTRITO (CODDPTO,CODPROV,CODDIST,DESDIST,VIGENTE) VALUES ('03','02','07','KISHUARA','1');
INSERT INTO SYSCANVAS.T_DISTRITO (CODDPTO,CODPROV,CODDIST,DESDIST,VIGENTE) VALUES ('03','02','08','PACOBAMBA','1');
INSERT INTO SYSCANVAS.T_DISTRITO (CODDPTO,CODPROV,CODDIST,DESDIST,VIGENTE) VALUES ('03','02','09','PACUCHA','1');
INSERT INTO SYSCANVAS.T_DISTRITO (CODDPTO,CODPROV,CODDIST,DESDIST,VIGENTE) VALUES ('03','02','10','PAMPACHIRI','1');
INSERT INTO SYSCANVAS.T_DISTRITO (CODDPTO,CODPROV,CODDIST,DESDIST,VIGENTE) VALUES ('02','12','09','SANTO TORIBIO','1');
INSERT INTO SYSCANVAS.T_DISTRITO (CODDPTO,CODPROV,CODDIST,DESDIST,VIGENTE) VALUES ('02','12','10','YURACMARCA','1');
INSERT INTO SYSCANVAS.T_DISTRITO (CODDPTO,CODPROV,CODDIST,DESDIST,VIGENTE) VALUES ('02','13','01','PISCOBAMBA','1');
INSERT INTO SYSCANVAS.T_DISTRITO (CODDPTO,CODPROV,CODDIST,DESDIST,VIGENTE) VALUES ('02','13','02','CASCA','1');
INSERT INTO SYSCANVAS.T_DISTRITO (CODDPTO,CODPROV,CODDIST,DESDIST,VIGENTE) VALUES ('02','13','03','ELEAZAR GUZMAN BARRO','1');
INSERT INTO SYSCANVAS.T_DISTRITO (CODDPTO,CODPROV,CODDIST,DESDIST,VIGENTE) VALUES ('02','13','04','FIDEL OLIVAS ESCUDER','1');
INSERT INTO SYSCANVAS.T_DISTRITO (CODDPTO,CODPROV,CODDIST,DESDIST,VIGENTE) VALUES ('02','13','05','LLAMA','1');
INSERT INTO SYSCANVAS.T_DISTRITO (CODDPTO,CODPROV,CODDIST,DESDIST,VIGENTE) VALUES ('02','13','06','LLUMPA','1');
INSERT INTO SYSCANVAS.T_DISTRITO (CODDPTO,CODPROV,CODDIST,DESDIST,VIGENTE) VALUES ('02','13','07','LUCMA','1');
INSERT INTO SYSCANVAS.T_DISTRITO (CODDPTO,CODPROV,CODDIST,DESDIST,VIGENTE) VALUES ('02','13','08','MUSGA','1');
INSERT INTO SYSCANVAS.T_DISTRITO (CODDPTO,CODPROV,CODDIST,DESDIST,VIGENTE) VALUES ('02','14','01','OCROS','1');
INSERT INTO SYSCANVAS.T_DISTRITO (CODDPTO,CODPROV,CODDIST,DESDIST,VIGENTE) VALUES ('02','14','02','ACAS','1');
INSERT INTO SYSCANVAS.T_DISTRITO (CODDPTO,CODPROV,CODDIST,DESDIST,VIGENTE) VALUES ('02','14','03','CAJAMARQUILLA','1');
INSERT INTO SYSCANVAS.T_DISTRITO (CODDPTO,CODPROV,CODDIST,DESDIST,VIGENTE) VALUES ('02','14','04','CARHUAPAMPA','1');
INSERT INTO SYSCANVAS.T_DISTRITO (CODDPTO,CODPROV,CODDIST,DESDIST,VIGENTE) VALUES ('02','14','05','COCHAS','1');
INSERT INTO SYSCANVAS.T_DISTRITO (CODDPTO,CODPROV,CODDIST,DESDIST,VIGENTE) VALUES ('02','14','06','CONGAS','1');
INSERT INTO SYSCANVAS.T_DISTRITO (CODDPTO,CODPROV,CODDIST,DESDIST,VIGENTE) VALUES ('02','14','07','LLIPA','1');
INSERT INTO SYSCANVAS.T_DISTRITO (CODDPTO,CODPROV,CODDIST,DESDIST,VIGENTE) VALUES ('02','14','08','SAN CRISTOBAL DE RAJ','1');
INSERT INTO SYSCANVAS.T_DISTRITO (CODDPTO,CODPROV,CODDIST,DESDIST,VIGENTE) VALUES ('02','14','09','SAN PEDRO','1');
INSERT INTO SYSCANVAS.T_DISTRITO (CODDPTO,CODPROV,CODDIST,DESDIST,VIGENTE) VALUES ('02','14','10','SANTIAGO DE CHILCAS','1');
INSERT INTO SYSCANVAS.T_DISTRITO (CODDPTO,CODPROV,CODDIST,DESDIST,VIGENTE) VALUES ('02','15','01','CABANA','1');
INSERT INTO SYSCANVAS.T_DISTRITO (CODDPTO,CODPROV,CODDIST,DESDIST,VIGENTE) VALUES ('02','15','02','BOLOGNESI','1');
INSERT INTO SYSCANVAS.T_DISTRITO (CODDPTO,CODPROV,CODDIST,DESDIST,VIGENTE) VALUES ('02','15','03','CONCHUCOS','1');
INSERT INTO SYSCANVAS.T_DISTRITO (CODDPTO,CODPROV,CODDIST,DESDIST,VIGENTE) VALUES ('02','15','04','HUACASCHUQUE','1');
INSERT INTO SYSCANVAS.T_DISTRITO (CODDPTO,CODPROV,CODDIST,DESDIST,VIGENTE) VALUES ('02','15','05','HUANDOVAL','1');
INSERT INTO SYSCANVAS.T_DISTRITO (CODDPTO,CODPROV,CODDIST,DESDIST,VIGENTE) VALUES ('02','15','06','LACABAMBA','1');
INSERT INTO SYSCANVAS.T_DISTRITO (CODDPTO,CODPROV,CODDIST,DESDIST,VIGENTE) VALUES ('02','15','07','LLAPO','1');
INSERT INTO SYSCANVAS.T_DISTRITO (CODDPTO,CODPROV,CODDIST,DESDIST,VIGENTE) VALUES ('02','15','08','PALLASCA','1');
INSERT INTO SYSCANVAS.T_DISTRITO (CODDPTO,CODPROV,CODDIST,DESDIST,VIGENTE) VALUES ('02','15','09','PAMPAS','1');
INSERT INTO SYSCANVAS.T_DISTRITO (CODDPTO,CODPROV,CODDIST,DESDIST,VIGENTE) VALUES ('02','15','10','SANTA ROSA','1');
INSERT INTO SYSCANVAS.T_DISTRITO (CODDPTO,CODPROV,CODDIST,DESDIST,VIGENTE) VALUES ('02','15','11','TAUCA','1');
INSERT INTO SYSCANVAS.T_DISTRITO (CODDPTO,CODPROV,CODDIST,DESDIST,VIGENTE) VALUES ('02','16','01','POMABAMBA','1');
INSERT INTO SYSCANVAS.T_DISTRITO (CODDPTO,CODPROV,CODDIST,DESDIST,VIGENTE) VALUES ('02','16','02','HUAYLLAN','1');
INSERT INTO SYSCANVAS.T_DISTRITO (CODDPTO,CODPROV,CODDIST,DESDIST,VIGENTE) VALUES ('02','16','03','PAROBAMBA','1');
INSERT INTO SYSCANVAS.T_DISTRITO (CODDPTO,CODPROV,CODDIST,DESDIST,VIGENTE) VALUES ('02','16','04','QUINUABAMBA','1');
INSERT INTO SYSCANVAS.T_DISTRITO (CODDPTO,CODPROV,CODDIST,DESDIST,VIGENTE) VALUES ('02','17','01','RECUAY','1');
INSERT INTO SYSCANVAS.T_DISTRITO (CODDPTO,CODPROV,CODDIST,DESDIST,VIGENTE) VALUES ('02','17','02','CATAC','1');
INSERT INTO SYSCANVAS.T_DISTRITO (CODDPTO,CODPROV,CODDIST,DESDIST,VIGENTE) VALUES ('02','17','03','COTAPARACO','1');
INSERT INTO SYSCANVAS.T_DISTRITO (CODDPTO,CODPROV,CODDIST,DESDIST,VIGENTE) VALUES ('02','17','04','HUAYLLAPAMPA','1');
INSERT INTO SYSCANVAS.T_DISTRITO (CODDPTO,CODPROV,CODDIST,DESDIST,VIGENTE) VALUES ('02','17','05','LLACLLIN','1');
INSERT INTO SYSCANVAS.T_DISTRITO (CODDPTO,CODPROV,CODDIST,DESDIST,VIGENTE) VALUES ('02','17','06','MARCA','1');
INSERT INTO SYSCANVAS.T_DISTRITO (CODDPTO,CODPROV,CODDIST,DESDIST,VIGENTE) VALUES ('02','17','07','PAMPAS CHICO','1');
INSERT INTO SYSCANVAS.T_DISTRITO (CODDPTO,CODPROV,CODDIST,DESDIST,VIGENTE) VALUES ('02','17','08','PARARIN','1');
INSERT INTO SYSCANVAS.T_DISTRITO (CODDPTO,CODPROV,CODDIST,DESDIST,VIGENTE) VALUES ('02','17','09','TAPACOCHA','1');
INSERT INTO SYSCANVAS.T_DISTRITO (CODDPTO,CODPROV,CODDIST,DESDIST,VIGENTE) VALUES ('02','17','10','TICAPAMPA','1');
INSERT INTO SYSCANVAS.T_DISTRITO (CODDPTO,CODPROV,CODDIST,DESDIST,VIGENTE) VALUES ('02','18','01','CHIMBOTE','1');
INSERT INTO SYSCANVAS.T_DISTRITO (CODDPTO,CODPROV,CODDIST,DESDIST,VIGENTE) VALUES ('02','18','02','CACERES DEL PERU','1');
INSERT INTO SYSCANVAS.T_DISTRITO (CODDPTO,CODPROV,CODDIST,DESDIST,VIGENTE) VALUES ('02','18','03','COISHCO','1');
INSERT INTO SYSCANVAS.T_DISTRITO (CODDPTO,CODPROV,CODDIST,DESDIST,VIGENTE) VALUES ('02','18','04','MACATE','1');
INSERT INTO SYSCANVAS.T_DISTRITO (CODDPTO,CODPROV,CODDIST,DESDIST,VIGENTE) VALUES ('02','18','05','MORO','1');
INSERT INTO SYSCANVAS.T_DISTRITO (CODDPTO,CODPROV,CODDIST,DESDIST,VIGENTE) VALUES ('02','18','06','NEPEÑA','1');
INSERT INTO SYSCANVAS.T_DISTRITO (CODDPTO,CODPROV,CODDIST,DESDIST,VIGENTE) VALUES ('02','18','07','SAMANCO','1');
INSERT INTO SYSCANVAS.T_DISTRITO (CODDPTO,CODPROV,CODDIST,DESDIST,VIGENTE) VALUES ('02','18','08','SANTA','1');
INSERT INTO SYSCANVAS.T_DISTRITO (CODDPTO,CODPROV,CODDIST,DESDIST,VIGENTE) VALUES ('02','18','09','NUEVO CHIMBOTE','1');
INSERT INTO SYSCANVAS.T_DISTRITO (CODDPTO,CODPROV,CODDIST,DESDIST,VIGENTE) VALUES ('02','19','01','SIHUAS','1');
INSERT INTO SYSCANVAS.T_DISTRITO (CODDPTO,CODPROV,CODDIST,DESDIST,VIGENTE) VALUES ('02','19','02','ACOBAMBA','1');
INSERT INTO SYSCANVAS.T_DISTRITO (CODDPTO,CODPROV,CODDIST,DESDIST,VIGENTE) VALUES ('02','19','03','ALFONSO UGARTE','1');
INSERT INTO SYSCANVAS.T_DISTRITO (CODDPTO,CODPROV,CODDIST,DESDIST,VIGENTE) VALUES ('02','19','04','CASHAPAMPA','1');
INSERT INTO SYSCANVAS.T_DISTRITO (CODDPTO,CODPROV,CODDIST,DESDIST,VIGENTE) VALUES ('02','19','05','CHINGALPO','1');
INSERT INTO SYSCANVAS.T_DISTRITO (CODDPTO,CODPROV,CODDIST,DESDIST,VIGENTE) VALUES ('02','19','06','HUAYLLABAMBA','1');
INSERT INTO SYSCANVAS.T_DISTRITO (CODDPTO,CODPROV,CODDIST,DESDIST,VIGENTE) VALUES ('02','19','07','QUICHES','1');
INSERT INTO SYSCANVAS.T_DISTRITO (CODDPTO,CODPROV,CODDIST,DESDIST,VIGENTE) VALUES ('02','19','08','RAGASH','1');
INSERT INTO SYSCANVAS.T_DISTRITO (CODDPTO,CODPROV,CODDIST,DESDIST,VIGENTE) VALUES ('02','19','09','SAN JUAN','1');
INSERT INTO SYSCANVAS.T_DISTRITO (CODDPTO,CODPROV,CODDIST,DESDIST,VIGENTE) VALUES ('02','19','10','SICSIBAMBA','1');
INSERT INTO SYSCANVAS.T_DISTRITO (CODDPTO,CODPROV,CODDIST,DESDIST,VIGENTE) VALUES ('02','20','01','YUNGAY','1');
INSERT INTO SYSCANVAS.T_DISTRITO (CODDPTO,CODPROV,CODDIST,DESDIST,VIGENTE) VALUES ('02','20','02','CASCAPARA','1');
INSERT INTO SYSCANVAS.T_DISTRITO (CODDPTO,CODPROV,CODDIST,DESDIST,VIGENTE) VALUES ('02','20','03','MANCOS','1');
INSERT INTO SYSCANVAS.T_DISTRITO (CODDPTO,CODPROV,CODDIST,DESDIST,VIGENTE) VALUES ('02','20','04','MATACOTO','1');
INSERT INTO SYSCANVAS.T_DISTRITO (CODDPTO,CODPROV,CODDIST,DESDIST,VIGENTE) VALUES ('02','20','05','QUILLO','1');
INSERT INTO SYSCANVAS.T_DISTRITO (CODDPTO,CODPROV,CODDIST,DESDIST,VIGENTE) VALUES ('02','20','06','RANRAHIRCA','1');
INSERT INTO SYSCANVAS.T_DISTRITO (CODDPTO,CODPROV,CODDIST,DESDIST,VIGENTE) VALUES ('02','20','07','SHUPLUY','1');
INSERT INTO SYSCANVAS.T_DISTRITO (CODDPTO,CODPROV,CODDIST,DESDIST,VIGENTE) VALUES ('02','20','08','YANAMA','1');
INSERT INTO SYSCANVAS.T_DISTRITO (CODDPTO,CODPROV,CODDIST,DESDIST,VIGENTE) VALUES ('03','01','01','ABANCAY','1');
INSERT INTO SYSCANVAS.T_DISTRITO (CODDPTO,CODPROV,CODDIST,DESDIST,VIGENTE) VALUES ('03','02','11','POMACOCHA','1');
INSERT INTO SYSCANVAS.T_DISTRITO (CODDPTO,CODPROV,CODDIST,DESDIST,VIGENTE) VALUES ('03','02','12','SAN ANTONIO DE CACHI','1');
INSERT INTO SYSCANVAS.T_DISTRITO (CODDPTO,CODPROV,CODDIST,DESDIST,VIGENTE) VALUES ('03','02','13','SAN JERONIMO','1');
INSERT INTO SYSCANVAS.T_DISTRITO (CODDPTO,CODPROV,CODDIST,DESDIST,VIGENTE) VALUES ('03','02','14','SAN MIGUEL DE CHACCR','1');
INSERT INTO SYSCANVAS.T_DISTRITO (CODDPTO,CODPROV,CODDIST,DESDIST,VIGENTE) VALUES ('03','02','15','SANTA MARIA DE CHICM','1');
INSERT INTO SYSCANVAS.T_DISTRITO (CODDPTO,CODPROV,CODDIST,DESDIST,VIGENTE) VALUES ('03','02','16','TALAVERA','1');
INSERT INTO SYSCANVAS.T_DISTRITO (CODDPTO,CODPROV,CODDIST,DESDIST,VIGENTE) VALUES ('03','02','17','TUMAY HUARACA','1');
INSERT INTO SYSCANVAS.T_DISTRITO (CODDPTO,CODPROV,CODDIST,DESDIST,VIGENTE) VALUES ('03','02','18','TURPO','1');
INSERT INTO SYSCANVAS.T_DISTRITO (CODDPTO,CODPROV,CODDIST,DESDIST,VIGENTE) VALUES ('03','02','19','KAQUIABAMBA','1');
INSERT INTO SYSCANVAS.T_DISTRITO (CODDPTO,CODPROV,CODDIST,DESDIST,VIGENTE) VALUES ('03','03','01','ANTABAMBA','1');
INSERT INTO SYSCANVAS.T_DISTRITO (CODDPTO,CODPROV,CODDIST,DESDIST,VIGENTE) VALUES ('03','03','02','EL ORO','1');
INSERT INTO SYSCANVAS.T_DISTRITO (CODDPTO,CODPROV,CODDIST,DESDIST,VIGENTE) VALUES ('03','03','03','HUAQUIRCA','1');
INSERT INTO SYSCANVAS.T_DISTRITO (CODDPTO,CODPROV,CODDIST,DESDIST,VIGENTE) VALUES ('03','03','04','JUAN ESPINOZA MEDRAN','1');
INSERT INTO SYSCANVAS.T_DISTRITO (CODDPTO,CODPROV,CODDIST,DESDIST,VIGENTE) VALUES ('03','03','05','OROPESA','1');
INSERT INTO SYSCANVAS.T_DISTRITO (CODDPTO,CODPROV,CODDIST,DESDIST,VIGENTE) VALUES ('03','03','06','PACHACONAS','1');
INSERT INTO SYSCANVAS.T_DISTRITO (CODDPTO,CODPROV,CODDIST,DESDIST,VIGENTE) VALUES ('03','03','07','SABAINO','1');
INSERT INTO SYSCANVAS.T_DISTRITO (CODDPTO,CODPROV,CODDIST,DESDIST,VIGENTE) VALUES ('03','04','01','CHALHUANCA','1');
INSERT INTO SYSCANVAS.T_DISTRITO (CODDPTO,CODPROV,CODDIST,DESDIST,VIGENTE) VALUES ('03','04','02','CAPAYA','1');
INSERT INTO SYSCANVAS.T_DISTRITO (CODDPTO,CODPROV,CODDIST,DESDIST,VIGENTE) VALUES ('03','04','03','CARAYBAMBA','1');
INSERT INTO SYSCANVAS.T_DISTRITO (CODDPTO,CODPROV,CODDIST,DESDIST,VIGENTE) VALUES ('03','04','04','CHAPIMARCA','1');
INSERT INTO SYSCANVAS.T_DISTRITO (CODDPTO,CODPROV,CODDIST,DESDIST,VIGENTE) VALUES ('03','04','05','COLCABAMBA','1');
INSERT INTO SYSCANVAS.T_DISTRITO (CODDPTO,CODPROV,CODDIST,DESDIST,VIGENTE) VALUES ('03','04','06','COTARUSE','1');
INSERT INTO SYSCANVAS.T_DISTRITO (CODDPTO,CODPROV,CODDIST,DESDIST,VIGENTE) VALUES ('03','04','07','HUAYLLO','1');
INSERT INTO SYSCANVAS.T_DISTRITO (CODDPTO,CODPROV,CODDIST,DESDIST,VIGENTE) VALUES ('03','04','08','JUSTO APU SAHUARAURA','1');
INSERT INTO SYSCANVAS.T_DISTRITO (CODDPTO,CODPROV,CODDIST,DESDIST,VIGENTE) VALUES ('03','04','09','LUCRE','1');
INSERT INTO SYSCANVAS.T_DISTRITO (CODDPTO,CODPROV,CODDIST,DESDIST,VIGENTE) VALUES ('03','04','10','POCOHUANCA','1');
INSERT INTO SYSCANVAS.T_DISTRITO (CODDPTO,CODPROV,CODDIST,DESDIST,VIGENTE) VALUES ('03','04','11','SAN JUAN DE CHACÑA','1');
INSERT INTO SYSCANVAS.T_DISTRITO (CODDPTO,CODPROV,CODDIST,DESDIST,VIGENTE) VALUES ('03','04','12','SAÑAYCA','1');
INSERT INTO SYSCANVAS.T_DISTRITO (CODDPTO,CODPROV,CODDIST,DESDIST,VIGENTE) VALUES ('03','04','13','SORAYA','1');
INSERT INTO SYSCANVAS.T_DISTRITO (CODDPTO,CODPROV,CODDIST,DESDIST,VIGENTE) VALUES ('03','04','14','TAPAIRIHUA','1');
INSERT INTO SYSCANVAS.T_DISTRITO (CODDPTO,CODPROV,CODDIST,DESDIST,VIGENTE) VALUES ('03','04','15','TINTAY','1');
INSERT INTO SYSCANVAS.T_DISTRITO (CODDPTO,CODPROV,CODDIST,DESDIST,VIGENTE) VALUES ('03','04','16','TORAYA','1');
INSERT INTO SYSCANVAS.T_DISTRITO (CODDPTO,CODPROV,CODDIST,DESDIST,VIGENTE) VALUES ('03','04','17','YANACA','1');
INSERT INTO SYSCANVAS.T_DISTRITO (CODDPTO,CODPROV,CODDIST,DESDIST,VIGENTE) VALUES ('03','05','01','TAMBOBAMBA','1');
INSERT INTO SYSCANVAS.T_DISTRITO (CODDPTO,CODPROV,CODDIST,DESDIST,VIGENTE) VALUES ('03','05','02','COTABAMBAS','1');
INSERT INTO SYSCANVAS.T_DISTRITO (CODDPTO,CODPROV,CODDIST,DESDIST,VIGENTE) VALUES ('03','05','03','COYLLURQUI','1');
INSERT INTO SYSCANVAS.T_DISTRITO (CODDPTO,CODPROV,CODDIST,DESDIST,VIGENTE) VALUES ('03','05','04','HAQUIRA','1');
INSERT INTO SYSCANVAS.T_DISTRITO (CODDPTO,CODPROV,CODDIST,DESDIST,VIGENTE) VALUES ('03','05','05','MARA','1');
INSERT INTO SYSCANVAS.T_DISTRITO (CODDPTO,CODPROV,CODDIST,DESDIST,VIGENTE) VALUES ('03','05','06','CHALLHUAHUACHO','1');
INSERT INTO SYSCANVAS.T_DISTRITO (CODDPTO,CODPROV,CODDIST,DESDIST,VIGENTE) VALUES ('03','06','01','CHINCHEROS','1');
INSERT INTO SYSCANVAS.T_DISTRITO (CODDPTO,CODPROV,CODDIST,DESDIST,VIGENTE) VALUES ('03','06','02','ANCO-HUALLO','1');
INSERT INTO SYSCANVAS.T_DISTRITO (CODDPTO,CODPROV,CODDIST,DESDIST,VIGENTE) VALUES ('03','06','03','COCHARCAS','1');
INSERT INTO SYSCANVAS.T_DISTRITO (CODDPTO,CODPROV,CODDIST,DESDIST,VIGENTE) VALUES ('03','06','04','HUACCANA','1');
INSERT INTO SYSCANVAS.T_DISTRITO (CODDPTO,CODPROV,CODDIST,DESDIST,VIGENTE) VALUES ('03','06','05','OCOBAMBA','1');
INSERT INTO SYSCANVAS.T_DISTRITO (CODDPTO,CODPROV,CODDIST,DESDIST,VIGENTE) VALUES ('03','06','06','ONGOY','1');
INSERT INTO SYSCANVAS.T_DISTRITO (CODDPTO,CODPROV,CODDIST,DESDIST,VIGENTE) VALUES ('03','06','07','URANMARCA','1');
INSERT INTO SYSCANVAS.T_DISTRITO (CODDPTO,CODPROV,CODDIST,DESDIST,VIGENTE) VALUES ('03','06','08','RANRACANCHA','1');
INSERT INTO SYSCANVAS.T_DISTRITO (CODDPTO,CODPROV,CODDIST,DESDIST,VIGENTE) VALUES ('03','07','01','CHUQUIBAMBILLA','1');
INSERT INTO SYSCANVAS.T_DISTRITO (CODDPTO,CODPROV,CODDIST,DESDIST,VIGENTE) VALUES ('03','07','02','CURPAHUASI','1');
INSERT INTO SYSCANVAS.T_DISTRITO (CODDPTO,CODPROV,CODDIST,DESDIST,VIGENTE) VALUES ('03','07','03','GAMARRA','1');
INSERT INTO SYSCANVAS.T_DISTRITO (CODDPTO,CODPROV,CODDIST,DESDIST,VIGENTE) VALUES ('03','07','04','HUAYLLATI','1');
INSERT INTO SYSCANVAS.T_DISTRITO (CODDPTO,CODPROV,CODDIST,DESDIST,VIGENTE) VALUES ('03','07','05','MAMARA','1');
INSERT INTO SYSCANVAS.T_DISTRITO (CODDPTO,CODPROV,CODDIST,DESDIST,VIGENTE) VALUES ('03','07','06','MICAELA BASTIDAS','1');
INSERT INTO SYSCANVAS.T_DISTRITO (CODDPTO,CODPROV,CODDIST,DESDIST,VIGENTE) VALUES ('03','07','07','PATAYPAMPA','1');
INSERT INTO SYSCANVAS.T_DISTRITO (CODDPTO,CODPROV,CODDIST,DESDIST,VIGENTE) VALUES ('03','07','08','PROGRESO','1');
INSERT INTO SYSCANVAS.T_DISTRITO (CODDPTO,CODPROV,CODDIST,DESDIST,VIGENTE) VALUES ('03','07','09','SAN ANTONIO','1');
INSERT INTO SYSCANVAS.T_DISTRITO (CODDPTO,CODPROV,CODDIST,DESDIST,VIGENTE) VALUES ('03','07','10','SANTA ROSA','1');
INSERT INTO SYSCANVAS.T_DISTRITO (CODDPTO,CODPROV,CODDIST,DESDIST,VIGENTE) VALUES ('03','07','11','TURPAY','1');
INSERT INTO SYSCANVAS.T_DISTRITO (CODDPTO,CODPROV,CODDIST,DESDIST,VIGENTE) VALUES ('03','07','12','VILCABAMBA','1');
INSERT INTO SYSCANVAS.T_DISTRITO (CODDPTO,CODPROV,CODDIST,DESDIST,VIGENTE) VALUES ('03','07','13','VIRUNDO','1');
INSERT INTO SYSCANVAS.T_DISTRITO (CODDPTO,CODPROV,CODDIST,DESDIST,VIGENTE) VALUES ('03','07','14','CURASCO','1');
INSERT INTO SYSCANVAS.T_DISTRITO (CODDPTO,CODPROV,CODDIST,DESDIST,VIGENTE) VALUES ('04','01','01','AREQUIPA','1');
INSERT INTO SYSCANVAS.T_DISTRITO (CODDPTO,CODPROV,CODDIST,DESDIST,VIGENTE) VALUES ('04','01','02','ALTO SELVA ALEGRE','1');
INSERT INTO SYSCANVAS.T_DISTRITO (CODDPTO,CODPROV,CODDIST,DESDIST,VIGENTE) VALUES ('04','01','03','CAYMA','1');
INSERT INTO SYSCANVAS.T_DISTRITO (CODDPTO,CODPROV,CODDIST,DESDIST,VIGENTE) VALUES ('04','01','04','CERRO COLORADO','1');
INSERT INTO SYSCANVAS.T_DISTRITO (CODDPTO,CODPROV,CODDIST,DESDIST,VIGENTE) VALUES ('04','01','05','CHARACATO','1');
INSERT INTO SYSCANVAS.T_DISTRITO (CODDPTO,CODPROV,CODDIST,DESDIST,VIGENTE) VALUES ('04','01','06','CHIGUATA','1');
INSERT INTO SYSCANVAS.T_DISTRITO (CODDPTO,CODPROV,CODDIST,DESDIST,VIGENTE) VALUES ('04','01','07','JACOBO HUNTER','1');
INSERT INTO SYSCANVAS.T_DISTRITO (CODDPTO,CODPROV,CODDIST,DESDIST,VIGENTE) VALUES ('04','01','08','LA JOYA','1');
INSERT INTO SYSCANVAS.T_DISTRITO (CODDPTO,CODPROV,CODDIST,DESDIST,VIGENTE) VALUES ('04','01','09','MARIANO MELGAR','1');
INSERT INTO SYSCANVAS.T_DISTRITO (CODDPTO,CODPROV,CODDIST,DESDIST,VIGENTE) VALUES ('04','01','10','MIRAFLORES','1');
INSERT INTO SYSCANVAS.T_DISTRITO (CODDPTO,CODPROV,CODDIST,DESDIST,VIGENTE) VALUES ('04','01','11','MOLLEBAYA','1');
INSERT INTO SYSCANVAS.T_DISTRITO (CODDPTO,CODPROV,CODDIST,DESDIST,VIGENTE) VALUES ('04','01','12','PAUCARPATA','1');
INSERT INTO SYSCANVAS.T_DISTRITO (CODDPTO,CODPROV,CODDIST,DESDIST,VIGENTE) VALUES ('04','01','13','POCSI','1');
INSERT INTO SYSCANVAS.T_DISTRITO (CODDPTO,CODPROV,CODDIST,DESDIST,VIGENTE) VALUES ('04','01','14','POLOBAYA','1');
INSERT INTO SYSCANVAS.T_DISTRITO (CODDPTO,CODPROV,CODDIST,DESDIST,VIGENTE) VALUES ('04','01','15','QUEQUEÑA','1');
INSERT INTO SYSCANVAS.T_DISTRITO (CODDPTO,CODPROV,CODDIST,DESDIST,VIGENTE) VALUES ('04','01','16','SABANDIA','1');
INSERT INTO SYSCANVAS.T_DISTRITO (CODDPTO,CODPROV,CODDIST,DESDIST,VIGENTE) VALUES ('04','01','17','SACHACA','1');
INSERT INTO SYSCANVAS.T_DISTRITO (CODDPTO,CODPROV,CODDIST,DESDIST,VIGENTE) VALUES ('04','01','18','SAN JUAN DE SIGUAS','1');
INSERT INTO SYSCANVAS.T_DISTRITO (CODDPTO,CODPROV,CODDIST,DESDIST,VIGENTE) VALUES ('04','01','19','SAN JUAN DE TARUCANI','1');
INSERT INTO SYSCANVAS.T_DISTRITO (CODDPTO,CODPROV,CODDIST,DESDIST,VIGENTE) VALUES ('04','01','20','SANTA ISABEL DE SIGU','1');
INSERT INTO SYSCANVAS.T_DISTRITO (CODDPTO,CODPROV,CODDIST,DESDIST,VIGENTE) VALUES ('04','01','21','SANTA RITA DE SIGUAS','1');
INSERT INTO SYSCANVAS.T_DISTRITO (CODDPTO,CODPROV,CODDIST,DESDIST,VIGENTE) VALUES ('04','01','22','SOCABAYA','1');
INSERT INTO SYSCANVAS.T_DISTRITO (CODDPTO,CODPROV,CODDIST,DESDIST,VIGENTE) VALUES ('04','01','23','TIABAYA','1');
INSERT INTO SYSCANVAS.T_DISTRITO (CODDPTO,CODPROV,CODDIST,DESDIST,VIGENTE) VALUES ('04','01','24','UCHUMAYO','1');
INSERT INTO SYSCANVAS.T_DISTRITO (CODDPTO,CODPROV,CODDIST,DESDIST,VIGENTE) VALUES ('04','01','25','VITOR','1');
INSERT INTO SYSCANVAS.T_DISTRITO (CODDPTO,CODPROV,CODDIST,DESDIST,VIGENTE) VALUES ('04','01','26','YANAHUARA','1');
INSERT INTO SYSCANVAS.T_DISTRITO (CODDPTO,CODPROV,CODDIST,DESDIST,VIGENTE) VALUES ('04','01','27','YARABAMBA','1');
INSERT INTO SYSCANVAS.T_DISTRITO (CODDPTO,CODPROV,CODDIST,DESDIST,VIGENTE) VALUES ('04','01','28','YURA','1');
INSERT INTO SYSCANVAS.T_DISTRITO (CODDPTO,CODPROV,CODDIST,DESDIST,VIGENTE) VALUES ('04','01','29','JOSE LUIS BUSTAMANTE','1');
INSERT INTO SYSCANVAS.T_DISTRITO (CODDPTO,CODPROV,CODDIST,DESDIST,VIGENTE) VALUES ('04','02','01','CAMANA','1');
INSERT INTO SYSCANVAS.T_DISTRITO (CODDPTO,CODPROV,CODDIST,DESDIST,VIGENTE) VALUES ('04','02','02','JOSE MARIA QUIMPER','1');
INSERT INTO SYSCANVAS.T_DISTRITO (CODDPTO,CODPROV,CODDIST,DESDIST,VIGENTE) VALUES ('04','02','03','MARIANO NICOLAS VALC','1');
INSERT INTO SYSCANVAS.T_DISTRITO (CODDPTO,CODPROV,CODDIST,DESDIST,VIGENTE) VALUES ('04','02','04','MARISCAL CACERES','1');
INSERT INTO SYSCANVAS.T_DISTRITO (CODDPTO,CODPROV,CODDIST,DESDIST,VIGENTE) VALUES ('04','02','05','NICOLAS DE PIEROLA','1');
INSERT INTO SYSCANVAS.T_DISTRITO (CODDPTO,CODPROV,CODDIST,DESDIST,VIGENTE) VALUES ('04','02','06','OCOÑA','1');
INSERT INTO SYSCANVAS.T_DISTRITO (CODDPTO,CODPROV,CODDIST,DESDIST,VIGENTE) VALUES ('04','02','07','QUILCA','1');
INSERT INTO SYSCANVAS.T_DISTRITO (CODDPTO,CODPROV,CODDIST,DESDIST,VIGENTE) VALUES ('04','02','08','SAMUEL PASTOR','1');
INSERT INTO SYSCANVAS.T_DISTRITO (CODDPTO,CODPROV,CODDIST,DESDIST,VIGENTE) VALUES ('04','03','01','CARAVELI','1');
INSERT INTO SYSCANVAS.T_DISTRITO (CODDPTO,CODPROV,CODDIST,DESDIST,VIGENTE) VALUES ('04','03','02','ACARI','1');
INSERT INTO SYSCANVAS.T_DISTRITO (CODDPTO,CODPROV,CODDIST,DESDIST,VIGENTE) VALUES ('04','03','03','ATICO','1');
INSERT INTO SYSCANVAS.T_DISTRITO (CODDPTO,CODPROV,CODDIST,DESDIST,VIGENTE) VALUES ('04','03','04','ATIQUIPA','1');
INSERT INTO SYSCANVAS.T_DISTRITO (CODDPTO,CODPROV,CODDIST,DESDIST,VIGENTE) VALUES ('04','03','05','BELLA UNION','1');
INSERT INTO SYSCANVAS.T_DISTRITO (CODDPTO,CODPROV,CODDIST,DESDIST,VIGENTE) VALUES ('04','03','06','CAHUACHO','1');
INSERT INTO SYSCANVAS.T_DISTRITO (CODDPTO,CODPROV,CODDIST,DESDIST,VIGENTE) VALUES ('04','03','07','CHALA','1');
INSERT INTO SYSCANVAS.T_DISTRITO (CODDPTO,CODPROV,CODDIST,DESDIST,VIGENTE) VALUES ('04','03','08','CHAPARRA','1');
INSERT INTO SYSCANVAS.T_DISTRITO (CODDPTO,CODPROV,CODDIST,DESDIST,VIGENTE) VALUES ('04','03','09','HUANUHUANU','1');
INSERT INTO SYSCANVAS.T_DISTRITO (CODDPTO,CODPROV,CODDIST,DESDIST,VIGENTE) VALUES ('04','03','10','JAQUI','1');
INSERT INTO SYSCANVAS.T_DISTRITO (CODDPTO,CODPROV,CODDIST,DESDIST,VIGENTE) VALUES ('04','03','11','LOMAS','1');
INSERT INTO SYSCANVAS.T_DISTRITO (CODDPTO,CODPROV,CODDIST,DESDIST,VIGENTE) VALUES ('04','03','12','QUICACHA','1');
INSERT INTO SYSCANVAS.T_DISTRITO (CODDPTO,CODPROV,CODDIST,DESDIST,VIGENTE) VALUES ('04','03','13','YAUCA','1');
INSERT INTO SYSCANVAS.T_DISTRITO (CODDPTO,CODPROV,CODDIST,DESDIST,VIGENTE) VALUES ('04','04','01','APLAO','1');
INSERT INTO SYSCANVAS.T_DISTRITO (CODDPTO,CODPROV,CODDIST,DESDIST,VIGENTE) VALUES ('04','04','02','ANDAGUA','1');
INSERT INTO SYSCANVAS.T_DISTRITO (CODDPTO,CODPROV,CODDIST,DESDIST,VIGENTE) VALUES ('04','04','03','AYO','1');
INSERT INTO SYSCANVAS.T_DISTRITO (CODDPTO,CODPROV,CODDIST,DESDIST,VIGENTE) VALUES ('04','04','04','CHACHAS','1');
INSERT INTO SYSCANVAS.T_DISTRITO (CODDPTO,CODPROV,CODDIST,DESDIST,VIGENTE) VALUES ('04','04','05','CHILCAYMARCA','1');
INSERT INTO SYSCANVAS.T_DISTRITO (CODDPTO,CODPROV,CODDIST,DESDIST,VIGENTE) VALUES ('04','04','06','CHOCO','1');
INSERT INTO SYSCANVAS.T_DISTRITO (CODDPTO,CODPROV,CODDIST,DESDIST,VIGENTE) VALUES ('04','04','07','HUANCARQUI','1');
INSERT INTO SYSCANVAS.T_DISTRITO (CODDPTO,CODPROV,CODDIST,DESDIST,VIGENTE) VALUES ('04','04','08','MACHAGUAY','1');
INSERT INTO SYSCANVAS.T_DISTRITO (CODDPTO,CODPROV,CODDIST,DESDIST,VIGENTE) VALUES ('04','04','09','ORCOPAMPA','1');
INSERT INTO SYSCANVAS.T_DISTRITO (CODDPTO,CODPROV,CODDIST,DESDIST,VIGENTE) VALUES ('04','04','10','PAMPACOLCA','1');
INSERT INTO SYSCANVAS.T_DISTRITO (CODDPTO,CODPROV,CODDIST,DESDIST,VIGENTE) VALUES ('04','04','11','TIPAN','1');
INSERT INTO SYSCANVAS.T_DISTRITO (CODDPTO,CODPROV,CODDIST,DESDIST,VIGENTE) VALUES ('04','04','12','UÑON','1');
INSERT INTO SYSCANVAS.T_DISTRITO (CODDPTO,CODPROV,CODDIST,DESDIST,VIGENTE) VALUES ('04','04','13','URACA','1');
INSERT INTO SYSCANVAS.T_DISTRITO (CODDPTO,CODPROV,CODDIST,DESDIST,VIGENTE) VALUES ('04','04','14','VIRACO','1');
INSERT INTO SYSCANVAS.T_DISTRITO (CODDPTO,CODPROV,CODDIST,DESDIST,VIGENTE) VALUES ('04','05','01','CHIVAY','1');
INSERT INTO SYSCANVAS.T_DISTRITO (CODDPTO,CODPROV,CODDIST,DESDIST,VIGENTE) VALUES ('04','05','02','ACHOMA','1');
INSERT INTO SYSCANVAS.T_DISTRITO (CODDPTO,CODPROV,CODDIST,DESDIST,VIGENTE) VALUES ('04','05','03','CABANACONDE','1');
INSERT INTO SYSCANVAS.T_DISTRITO (CODDPTO,CODPROV,CODDIST,DESDIST,VIGENTE) VALUES ('04','05','04','CALLALLI','1');
INSERT INTO SYSCANVAS.T_DISTRITO (CODDPTO,CODPROV,CODDIST,DESDIST,VIGENTE) VALUES ('04','05','05','CAYLLOMA','1');
INSERT INTO SYSCANVAS.T_DISTRITO (CODDPTO,CODPROV,CODDIST,DESDIST,VIGENTE) VALUES ('04','05','06','COPORAQUE','1');
INSERT INTO SYSCANVAS.T_DISTRITO (CODDPTO,CODPROV,CODDIST,DESDIST,VIGENTE) VALUES ('04','05','07','HUAMBO','1');
INSERT INTO SYSCANVAS.T_DISTRITO (CODDPTO,CODPROV,CODDIST,DESDIST,VIGENTE) VALUES ('04','05','08','HUANCA','1');
INSERT INTO SYSCANVAS.T_DISTRITO (CODDPTO,CODPROV,CODDIST,DESDIST,VIGENTE) VALUES ('04','05','09','ICHUPAMPA','1');
INSERT INTO SYSCANVAS.T_DISTRITO (CODDPTO,CODPROV,CODDIST,DESDIST,VIGENTE) VALUES ('04','05','10','LARI','1');
INSERT INTO SYSCANVAS.T_DISTRITO (CODDPTO,CODPROV,CODDIST,DESDIST,VIGENTE) VALUES ('04','05','11','LLUTA','1');
INSERT INTO SYSCANVAS.T_DISTRITO (CODDPTO,CODPROV,CODDIST,DESDIST,VIGENTE) VALUES ('04','05','12','MACA','1');
INSERT INTO SYSCANVAS.T_DISTRITO (CODDPTO,CODPROV,CODDIST,DESDIST,VIGENTE) VALUES ('04','05','13','MADRIGAL','1');
INSERT INTO SYSCANVAS.T_DISTRITO (CODDPTO,CODPROV,CODDIST,DESDIST,VIGENTE) VALUES ('04','05','14','SAN ANTONIO DE CHUCA','1');
INSERT INTO SYSCANVAS.T_DISTRITO (CODDPTO,CODPROV,CODDIST,DESDIST,VIGENTE) VALUES ('04','05','15','SIBAYO','1');
INSERT INTO SYSCANVAS.T_DISTRITO (CODDPTO,CODPROV,CODDIST,DESDIST,VIGENTE) VALUES ('04','05','16','TAPAY','1');
INSERT INTO SYSCANVAS.T_DISTRITO (CODDPTO,CODPROV,CODDIST,DESDIST,VIGENTE) VALUES ('04','05','17','TISCO','1');
INSERT INTO SYSCANVAS.T_DISTRITO (CODDPTO,CODPROV,CODDIST,DESDIST,VIGENTE) VALUES ('04','05','18','TUTI','1');
INSERT INTO SYSCANVAS.T_DISTRITO (CODDPTO,CODPROV,CODDIST,DESDIST,VIGENTE) VALUES ('04','05','19','YANQUE','1');
INSERT INTO SYSCANVAS.T_DISTRITO (CODDPTO,CODPROV,CODDIST,DESDIST,VIGENTE) VALUES ('04','05','20','MAJES','1');
INSERT INTO SYSCANVAS.T_DISTRITO (CODDPTO,CODPROV,CODDIST,DESDIST,VIGENTE) VALUES ('04','06','01','CHUQUIBAMBA','1');
INSERT INTO SYSCANVAS.T_DISTRITO (CODDPTO,CODPROV,CODDIST,DESDIST,VIGENTE) VALUES ('04','06','02','ANDARAY','1');
INSERT INTO SYSCANVAS.T_DISTRITO (CODDPTO,CODPROV,CODDIST,DESDIST,VIGENTE) VALUES ('04','06','03','CAYARANI','1');
INSERT INTO SYSCANVAS.T_DISTRITO (CODDPTO,CODPROV,CODDIST,DESDIST,VIGENTE) VALUES ('04','06','04','CHICHAS','1');
INSERT INTO SYSCANVAS.T_DISTRITO (CODDPTO,CODPROV,CODDIST,DESDIST,VIGENTE) VALUES ('04','06','05','IRAY','1');
INSERT INTO SYSCANVAS.T_DISTRITO (CODDPTO,CODPROV,CODDIST,DESDIST,VIGENTE) VALUES ('04','06','06','RIO GRANDE','1');
INSERT INTO SYSCANVAS.T_DISTRITO (CODDPTO,CODPROV,CODDIST,DESDIST,VIGENTE) VALUES ('04','06','07','SALAMANCA','1');
INSERT INTO SYSCANVAS.T_DISTRITO (CODDPTO,CODPROV,CODDIST,DESDIST,VIGENTE) VALUES ('04','06','08','YANAQUIHUA','1');
INSERT INTO SYSCANVAS.T_DISTRITO (CODDPTO,CODPROV,CODDIST,DESDIST,VIGENTE) VALUES ('04','07','01','MOLLENDO','1');
INSERT INTO SYSCANVAS.T_DISTRITO (CODDPTO,CODPROV,CODDIST,DESDIST,VIGENTE) VALUES ('04','07','02','COCACHACRA','1');
INSERT INTO SYSCANVAS.T_DISTRITO (CODDPTO,CODPROV,CODDIST,DESDIST,VIGENTE) VALUES ('04','07','03','DEAN VALDIVIA','1');
INSERT INTO SYSCANVAS.T_DISTRITO (CODDPTO,CODPROV,CODDIST,DESDIST,VIGENTE) VALUES ('04','07','04','ISLAY','1');
INSERT INTO SYSCANVAS.T_DISTRITO (CODDPTO,CODPROV,CODDIST,DESDIST,VIGENTE) VALUES ('04','07','05','MEJIA','1');
INSERT INTO SYSCANVAS.T_DISTRITO (CODDPTO,CODPROV,CODDIST,DESDIST,VIGENTE) VALUES ('04','07','06','PUNTA DE BOMBON','1');
INSERT INTO SYSCANVAS.T_DISTRITO (CODDPTO,CODPROV,CODDIST,DESDIST,VIGENTE) VALUES ('04','08','01','COTAHUASI','1');
INSERT INTO SYSCANVAS.T_DISTRITO (CODDPTO,CODPROV,CODDIST,DESDIST,VIGENTE) VALUES ('04','08','02','ALCA','1');
INSERT INTO SYSCANVAS.T_DISTRITO (CODDPTO,CODPROV,CODDIST,DESDIST,VIGENTE) VALUES ('04','08','03','CHARCANA','1');
INSERT INTO SYSCANVAS.T_DISTRITO (CODDPTO,CODPROV,CODDIST,DESDIST,VIGENTE) VALUES ('04','08','04','HUAYNACOTAS','1');
INSERT INTO SYSCANVAS.T_DISTRITO (CODDPTO,CODPROV,CODDIST,DESDIST,VIGENTE) VALUES ('04','08','05','PAMPAMARCA','1');
INSERT INTO SYSCANVAS.T_DISTRITO (CODDPTO,CODPROV,CODDIST,DESDIST,VIGENTE) VALUES ('04','08','06','PUYCA','1');
INSERT INTO SYSCANVAS.T_DISTRITO (CODDPTO,CODPROV,CODDIST,DESDIST,VIGENTE) VALUES ('04','08','07','QUECHUALLA','1');
INSERT INTO SYSCANVAS.T_DISTRITO (CODDPTO,CODPROV,CODDIST,DESDIST,VIGENTE) VALUES ('04','08','08','SAYLA','1');
INSERT INTO SYSCANVAS.T_DISTRITO (CODDPTO,CODPROV,CODDIST,DESDIST,VIGENTE) VALUES ('04','08','09','TAURIA','1');
INSERT INTO SYSCANVAS.T_DISTRITO (CODDPTO,CODPROV,CODDIST,DESDIST,VIGENTE) VALUES ('04','08','10','TOMEPAMPA','1');
INSERT INTO SYSCANVAS.T_DISTRITO (CODDPTO,CODPROV,CODDIST,DESDIST,VIGENTE) VALUES ('04','08','11','TORO','1');
INSERT INTO SYSCANVAS.T_DISTRITO (CODDPTO,CODPROV,CODDIST,DESDIST,VIGENTE) VALUES ('05','01','01','AYACUCHO','1');
INSERT INTO SYSCANVAS.T_DISTRITO (CODDPTO,CODPROV,CODDIST,DESDIST,VIGENTE) VALUES ('05','01','02','ACOCRO','1');
INSERT INTO SYSCANVAS.T_DISTRITO (CODDPTO,CODPROV,CODDIST,DESDIST,VIGENTE) VALUES ('05','01','03','ACOS VINCHOS','1');
INSERT INTO SYSCANVAS.T_DISTRITO (CODDPTO,CODPROV,CODDIST,DESDIST,VIGENTE) VALUES ('05','01','04','CARMEN ALTO','1');
INSERT INTO SYSCANVAS.T_DISTRITO (CODDPTO,CODPROV,CODDIST,DESDIST,VIGENTE) VALUES ('05','01','05','CHIARA','1');
INSERT INTO SYSCANVAS.T_DISTRITO (CODDPTO,CODPROV,CODDIST,DESDIST,VIGENTE) VALUES ('05','01','06','OCROS','1');
INSERT INTO SYSCANVAS.T_DISTRITO (CODDPTO,CODPROV,CODDIST,DESDIST,VIGENTE) VALUES ('05','01','07','PACAYCASA','1');
INSERT INTO SYSCANVAS.T_DISTRITO (CODDPTO,CODPROV,CODDIST,DESDIST,VIGENTE) VALUES ('05','01','08','QUINUA','1');
INSERT INTO SYSCANVAS.T_DISTRITO (CODDPTO,CODPROV,CODDIST,DESDIST,VIGENTE) VALUES ('05','01','09','SAN JOSE DE TICLLAS','1');
INSERT INTO SYSCANVAS.T_DISTRITO (CODDPTO,CODPROV,CODDIST,DESDIST,VIGENTE) VALUES ('05','01','10','SAN JUAN BAUTISTA','1');
INSERT INTO SYSCANVAS.T_DISTRITO (CODDPTO,CODPROV,CODDIST,DESDIST,VIGENTE) VALUES ('05','01','11','SANTIAGO DE PISCHA','1');
INSERT INTO SYSCANVAS.T_DISTRITO (CODDPTO,CODPROV,CODDIST,DESDIST,VIGENTE) VALUES ('05','01','12','SOCOS','1');
INSERT INTO SYSCANVAS.T_DISTRITO (CODDPTO,CODPROV,CODDIST,DESDIST,VIGENTE) VALUES ('05','01','13','TAMBILLO','1');
INSERT INTO SYSCANVAS.T_DISTRITO (CODDPTO,CODPROV,CODDIST,DESDIST,VIGENTE) VALUES ('05','01','14','VINCHOS','1');
INSERT INTO SYSCANVAS.T_DISTRITO (CODDPTO,CODPROV,CODDIST,DESDIST,VIGENTE) VALUES ('05','01','15','JESUS NAZARENO','1');
INSERT INTO SYSCANVAS.T_DISTRITO (CODDPTO,CODPROV,CODDIST,DESDIST,VIGENTE) VALUES ('05','02','01','CANGALLO','1');
INSERT INTO SYSCANVAS.T_DISTRITO (CODDPTO,CODPROV,CODDIST,DESDIST,VIGENTE) VALUES ('05','02','02','CHUSCHI','1');
INSERT INTO SYSCANVAS.T_DISTRITO (CODDPTO,CODPROV,CODDIST,DESDIST,VIGENTE) VALUES ('05','02','03','LOS MOROCHUCOS','1');
INSERT INTO SYSCANVAS.T_DISTRITO (CODDPTO,CODPROV,CODDIST,DESDIST,VIGENTE) VALUES ('05','02','04','MARIA PARADO DE BELL','1');
INSERT INTO SYSCANVAS.T_DISTRITO (CODDPTO,CODPROV,CODDIST,DESDIST,VIGENTE) VALUES ('05','02','05','PARAS','1');
INSERT INTO SYSCANVAS.T_DISTRITO (CODDPTO,CODPROV,CODDIST,DESDIST,VIGENTE) VALUES ('05','02','06','TOTOS','1');
INSERT INTO SYSCANVAS.T_DISTRITO (CODDPTO,CODPROV,CODDIST,DESDIST,VIGENTE) VALUES ('05','03','01','SANCOS','1');
INSERT INTO SYSCANVAS.T_DISTRITO (CODDPTO,CODPROV,CODDIST,DESDIST,VIGENTE) VALUES ('05','03','02','CARAPO','1');
INSERT INTO SYSCANVAS.T_DISTRITO (CODDPTO,CODPROV,CODDIST,DESDIST,VIGENTE) VALUES ('05','03','03','SACSAMARCA','1');
INSERT INTO SYSCANVAS.T_DISTRITO (CODDPTO,CODPROV,CODDIST,DESDIST,VIGENTE) VALUES ('05','03','04','SANTIAGO DE LUCANAMA','1');
INSERT INTO SYSCANVAS.T_DISTRITO (CODDPTO,CODPROV,CODDIST,DESDIST,VIGENTE) VALUES ('05','04','01','HUANTA','1');
INSERT INTO SYSCANVAS.T_DISTRITO (CODDPTO,CODPROV,CODDIST,DESDIST,VIGENTE) VALUES ('05','04','02','AYAHUANCO','1');
INSERT INTO SYSCANVAS.T_DISTRITO (CODDPTO,CODPROV,CODDIST,DESDIST,VIGENTE) VALUES ('05','04','03','HUAMANGUILLA','1');
INSERT INTO SYSCANVAS.T_DISTRITO (CODDPTO,CODPROV,CODDIST,DESDIST,VIGENTE) VALUES ('05','04','04','IGUAIN','1');
INSERT INTO SYSCANVAS.T_DISTRITO (CODDPTO,CODPROV,CODDIST,DESDIST,VIGENTE) VALUES ('05','04','05','LURICOCHA','1');
INSERT INTO SYSCANVAS.T_DISTRITO (CODDPTO,CODPROV,CODDIST,DESDIST,VIGENTE) VALUES ('05','04','06','SANTILLANA','1');
INSERT INTO SYSCANVAS.T_DISTRITO (CODDPTO,CODPROV,CODDIST,DESDIST,VIGENTE) VALUES ('05','04','07','SIVIA','1');
INSERT INTO SYSCANVAS.T_DISTRITO (CODDPTO,CODPROV,CODDIST,DESDIST,VIGENTE) VALUES ('05','04','08','LLOCHEGUA','1');
INSERT INTO SYSCANVAS.T_DISTRITO (CODDPTO,CODPROV,CODDIST,DESDIST,VIGENTE) VALUES ('05','05','01','SAN MIGUEL','1');
INSERT INTO SYSCANVAS.T_DISTRITO (CODDPTO,CODPROV,CODDIST,DESDIST,VIGENTE) VALUES ('05','05','02','ANCO','1');
INSERT INTO SYSCANVAS.T_DISTRITO (CODDPTO,CODPROV,CODDIST,DESDIST,VIGENTE) VALUES ('05','05','03','AYNA','1');
INSERT INTO SYSCANVAS.T_DISTRITO (CODDPTO,CODPROV,CODDIST,DESDIST,VIGENTE) VALUES ('05','05','04','CHILCAS','1');
INSERT INTO SYSCANVAS.T_DISTRITO (CODDPTO,CODPROV,CODDIST,DESDIST,VIGENTE) VALUES ('05','05','05','CHUNGUI','1');
INSERT INTO SYSCANVAS.T_DISTRITO (CODDPTO,CODPROV,CODDIST,DESDIST,VIGENTE) VALUES ('05','05','06','LUIS CARRANZA','1');
INSERT INTO SYSCANVAS.T_DISTRITO (CODDPTO,CODPROV,CODDIST,DESDIST,VIGENTE) VALUES ('05','05','07','SANTA ROSA','1');
INSERT INTO SYSCANVAS.T_DISTRITO (CODDPTO,CODPROV,CODDIST,DESDIST,VIGENTE) VALUES ('05','05','08','TAMBO','1');
INSERT INTO SYSCANVAS.T_DISTRITO (CODDPTO,CODPROV,CODDIST,DESDIST,VIGENTE) VALUES ('05','06','01','PUQUIO','1');
INSERT INTO SYSCANVAS.T_DISTRITO (CODDPTO,CODPROV,CODDIST,DESDIST,VIGENTE) VALUES ('05','06','02','AUCARA','1');
INSERT INTO SYSCANVAS.T_DISTRITO (CODDPTO,CODPROV,CODDIST,DESDIST,VIGENTE) VALUES ('05','06','03','CABANA','1');
INSERT INTO SYSCANVAS.T_DISTRITO (CODDPTO,CODPROV,CODDIST,DESDIST,VIGENTE) VALUES ('05','06','04','CARMEN SALCEDO','1');
INSERT INTO SYSCANVAS.T_DISTRITO (CODDPTO,CODPROV,CODDIST,DESDIST,VIGENTE) VALUES ('05','06','05','CHAVIÑA','1');
INSERT INTO SYSCANVAS.T_DISTRITO (CODDPTO,CODPROV,CODDIST,DESDIST,VIGENTE) VALUES ('05','06','06','CHIPAO','1');
INSERT INTO SYSCANVAS.T_DISTRITO (CODDPTO,CODPROV,CODDIST,DESDIST,VIGENTE) VALUES ('05','06','07','HUAC-HUAS','1');
INSERT INTO SYSCANVAS.T_DISTRITO (CODDPTO,CODPROV,CODDIST,DESDIST,VIGENTE) VALUES ('05','06','08','LARAMATE','1');
INSERT INTO SYSCANVAS.T_DISTRITO (CODDPTO,CODPROV,CODDIST,DESDIST,VIGENTE) VALUES ('05','06','09','LEONCIO PRADO','1');
INSERT INTO SYSCANVAS.T_DISTRITO (CODDPTO,CODPROV,CODDIST,DESDIST,VIGENTE) VALUES ('05','06','10','LLAUTA','1');
INSERT INTO SYSCANVAS.T_DISTRITO (CODDPTO,CODPROV,CODDIST,DESDIST,VIGENTE) VALUES ('05','06','11','LUCANAS','1');
INSERT INTO SYSCANVAS.T_DISTRITO (CODDPTO,CODPROV,CODDIST,DESDIST,VIGENTE) VALUES ('05','06','12','OCAÑA','1');
INSERT INTO SYSCANVAS.T_DISTRITO (CODDPTO,CODPROV,CODDIST,DESDIST,VIGENTE) VALUES ('05','06','13','OTOCA','1');
INSERT INTO SYSCANVAS.T_DISTRITO (CODDPTO,CODPROV,CODDIST,DESDIST,VIGENTE) VALUES ('05','06','14','SAISA','1');
INSERT INTO SYSCANVAS.T_DISTRITO (CODDPTO,CODPROV,CODDIST,DESDIST,VIGENTE) VALUES ('05','06','15','SAN CRISTOBAL','1');
INSERT INTO SYSCANVAS.T_DISTRITO (CODDPTO,CODPROV,CODDIST,DESDIST,VIGENTE) VALUES ('05','06','16','SAN JUAN','1');
INSERT INTO SYSCANVAS.T_DISTRITO (CODDPTO,CODPROV,CODDIST,DESDIST,VIGENTE) VALUES ('05','06','17','SAN PEDRO','1');
INSERT INTO SYSCANVAS.T_DISTRITO (CODDPTO,CODPROV,CODDIST,DESDIST,VIGENTE) VALUES ('05','06','18','SAN PEDRO DE PALCO','1');
INSERT INTO SYSCANVAS.T_DISTRITO (CODDPTO,CODPROV,CODDIST,DESDIST,VIGENTE) VALUES ('05','06','19','SANCOS','1');
INSERT INTO SYSCANVAS.T_DISTRITO (CODDPTO,CODPROV,CODDIST,DESDIST,VIGENTE) VALUES ('05','06','20','SANTA ANA DE HUAYCAH','1');
INSERT INTO SYSCANVAS.T_DISTRITO (CODDPTO,CODPROV,CODDIST,DESDIST,VIGENTE) VALUES ('05','06','21','SANTA LUCIA','1');
INSERT INTO SYSCANVAS.T_DISTRITO (CODDPTO,CODPROV,CODDIST,DESDIST,VIGENTE) VALUES ('05','07','01','CORACORA','1');
INSERT INTO SYSCANVAS.T_DISTRITO (CODDPTO,CODPROV,CODDIST,DESDIST,VIGENTE) VALUES ('05','07','02','CHUMPI','1');
INSERT INTO SYSCANVAS.T_DISTRITO (CODDPTO,CODPROV,CODDIST,DESDIST,VIGENTE) VALUES ('05','07','03','CORONEL CASTAÑEDA','1');
INSERT INTO SYSCANVAS.T_DISTRITO (CODDPTO,CODPROV,CODDIST,DESDIST,VIGENTE) VALUES ('05','07','04','PACAPAUSA','1');
INSERT INTO SYSCANVAS.T_DISTRITO (CODDPTO,CODPROV,CODDIST,DESDIST,VIGENTE) VALUES ('05','07','05','PULLO','1');
INSERT INTO SYSCANVAS.T_DISTRITO (CODDPTO,CODPROV,CODDIST,DESDIST,VIGENTE) VALUES ('05','07','06','PUYUSCA','1');
INSERT INTO SYSCANVAS.T_DISTRITO (CODDPTO,CODPROV,CODDIST,DESDIST,VIGENTE) VALUES ('05','07','07','SAN FRANCISCO DE RAV','1');
INSERT INTO SYSCANVAS.T_DISTRITO (CODDPTO,CODPROV,CODDIST,DESDIST,VIGENTE) VALUES ('05','07','08','UPAHUACHO','1');
INSERT INTO SYSCANVAS.T_DISTRITO (CODDPTO,CODPROV,CODDIST,DESDIST,VIGENTE) VALUES ('05','08','01','PAUSA','1');
INSERT INTO SYSCANVAS.T_DISTRITO (CODDPTO,CODPROV,CODDIST,DESDIST,VIGENTE) VALUES ('05','08','02','COLTA','1');
INSERT INTO SYSCANVAS.T_DISTRITO (CODDPTO,CODPROV,CODDIST,DESDIST,VIGENTE) VALUES ('05','08','03','CORCULLA','1');
INSERT INTO SYSCANVAS.T_DISTRITO (CODDPTO,CODPROV,CODDIST,DESDIST,VIGENTE) VALUES ('05','08','04','LAMPA','1');
INSERT INTO SYSCANVAS.T_DISTRITO (CODDPTO,CODPROV,CODDIST,DESDIST,VIGENTE) VALUES ('05','08','05','MARCABAMBA','1');
INSERT INTO SYSCANVAS.T_DISTRITO (CODDPTO,CODPROV,CODDIST,DESDIST,VIGENTE) VALUES ('05','08','06','OYOLO','1');
INSERT INTO SYSCANVAS.T_DISTRITO (CODDPTO,CODPROV,CODDIST,DESDIST,VIGENTE) VALUES ('05','08','07','PARARCA','1');
INSERT INTO SYSCANVAS.T_DISTRITO (CODDPTO,CODPROV,CODDIST,DESDIST,VIGENTE) VALUES ('05','08','08','SAN JAVIER DE ALPABA','1');
INSERT INTO SYSCANVAS.T_DISTRITO (CODDPTO,CODPROV,CODDIST,DESDIST,VIGENTE) VALUES ('05','08','09','SAN JOSE DE USHUA','1');
INSERT INTO SYSCANVAS.T_DISTRITO (CODDPTO,CODPROV,CODDIST,DESDIST,VIGENTE) VALUES ('05','08','10','SARA SARA','1');
INSERT INTO SYSCANVAS.T_DISTRITO (CODDPTO,CODPROV,CODDIST,DESDIST,VIGENTE) VALUES ('05','09','01','QUEROBAMBA','1');
INSERT INTO SYSCANVAS.T_DISTRITO (CODDPTO,CODPROV,CODDIST,DESDIST,VIGENTE) VALUES ('05','09','02','BELEN','1');
INSERT INTO SYSCANVAS.T_DISTRITO (CODDPTO,CODPROV,CODDIST,DESDIST,VIGENTE) VALUES ('05','09','03','CHALCOS','1');
INSERT INTO SYSCANVAS.T_DISTRITO (CODDPTO,CODPROV,CODDIST,DESDIST,VIGENTE) VALUES ('05','09','04','CHILCAYOC','1');
INSERT INTO SYSCANVAS.T_DISTRITO (CODDPTO,CODPROV,CODDIST,DESDIST,VIGENTE) VALUES ('05','09','05','HUACAÑA','1');
INSERT INTO SYSCANVAS.T_DISTRITO (CODDPTO,CODPROV,CODDIST,DESDIST,VIGENTE) VALUES ('05','09','06','MORCOLLA','1');
INSERT INTO SYSCANVAS.T_DISTRITO (CODDPTO,CODPROV,CODDIST,DESDIST,VIGENTE) VALUES ('05','09','07','PAICO','1');
INSERT INTO SYSCANVAS.T_DISTRITO (CODDPTO,CODPROV,CODDIST,DESDIST,VIGENTE) VALUES ('05','09','08','SAN PEDRO DE LARCAY','1');
INSERT INTO SYSCANVAS.T_DISTRITO (CODDPTO,CODPROV,CODDIST,DESDIST,VIGENTE) VALUES ('05','09','09','SAN SALVADOR DE QUIJ','1');
INSERT INTO SYSCANVAS.T_DISTRITO (CODDPTO,CODPROV,CODDIST,DESDIST,VIGENTE) VALUES ('05','09','10','SANTIAGO DE PAUCARAY','1');
INSERT INTO SYSCANVAS.T_DISTRITO (CODDPTO,CODPROV,CODDIST,DESDIST,VIGENTE) VALUES ('05','09','11','SORAS','1');
INSERT INTO SYSCANVAS.T_DISTRITO (CODDPTO,CODPROV,CODDIST,DESDIST,VIGENTE) VALUES ('05','10','01','HUANCAPI','1');
INSERT INTO SYSCANVAS.T_DISTRITO (CODDPTO,CODPROV,CODDIST,DESDIST,VIGENTE) VALUES ('05','10','02','ALCAMENCA','1');
INSERT INTO SYSCANVAS.T_DISTRITO (CODDPTO,CODPROV,CODDIST,DESDIST,VIGENTE) VALUES ('05','10','03','APONGO','1');
INSERT INTO SYSCANVAS.T_DISTRITO (CODDPTO,CODPROV,CODDIST,DESDIST,VIGENTE) VALUES ('05','10','04','ASQUIPATA','1');
INSERT INTO SYSCANVAS.T_DISTRITO (CODDPTO,CODPROV,CODDIST,DESDIST,VIGENTE) VALUES ('05','10','05','CANARIA','1');
INSERT INTO SYSCANVAS.T_DISTRITO (CODDPTO,CODPROV,CODDIST,DESDIST,VIGENTE) VALUES ('05','10','06','CAYARA','1');
INSERT INTO SYSCANVAS.T_DISTRITO (CODDPTO,CODPROV,CODDIST,DESDIST,VIGENTE) VALUES ('05','10','07','COLCA','1');
INSERT INTO SYSCANVAS.T_DISTRITO (CODDPTO,CODPROV,CODDIST,DESDIST,VIGENTE) VALUES ('05','10','08','HUAMANQUIQUIA','1');
INSERT INTO SYSCANVAS.T_DISTRITO (CODDPTO,CODPROV,CODDIST,DESDIST,VIGENTE) VALUES ('05','10','09','HUANCARAYLLA','1');
INSERT INTO SYSCANVAS.T_DISTRITO (CODDPTO,CODPROV,CODDIST,DESDIST,VIGENTE) VALUES ('05','10','10','HUAYA','1');
INSERT INTO SYSCANVAS.T_DISTRITO (CODDPTO,CODPROV,CODDIST,DESDIST,VIGENTE) VALUES ('05','10','11','SARHUA','1');
INSERT INTO SYSCANVAS.T_DISTRITO (CODDPTO,CODPROV,CODDIST,DESDIST,VIGENTE) VALUES ('05','10','12','VILCANCHOS','1');
INSERT INTO SYSCANVAS.T_DISTRITO (CODDPTO,CODPROV,CODDIST,DESDIST,VIGENTE) VALUES ('05','11','01','VILCAS HUAMAN','1');
INSERT INTO SYSCANVAS.T_DISTRITO (CODDPTO,CODPROV,CODDIST,DESDIST,VIGENTE) VALUES ('05','11','02','ACCOMARCA','1');
INSERT INTO SYSCANVAS.T_DISTRITO (CODDPTO,CODPROV,CODDIST,DESDIST,VIGENTE) VALUES ('05','11','03','CARHUANCA','1');
INSERT INTO SYSCANVAS.T_DISTRITO (CODDPTO,CODPROV,CODDIST,DESDIST,VIGENTE) VALUES ('05','11','04','CONCEPCION','1');
INSERT INTO SYSCANVAS.T_DISTRITO (CODDPTO,CODPROV,CODDIST,DESDIST,VIGENTE) VALUES ('05','11','05','HUAMBALPA','1');
INSERT INTO SYSCANVAS.T_DISTRITO (CODDPTO,CODPROV,CODDIST,DESDIST,VIGENTE) VALUES ('05','11','06','INDEPENDENCIA','1');
INSERT INTO SYSCANVAS.T_DISTRITO (CODDPTO,CODPROV,CODDIST,DESDIST,VIGENTE) VALUES ('05','11','07','SAURAMA','1');
INSERT INTO SYSCANVAS.T_DISTRITO (CODDPTO,CODPROV,CODDIST,DESDIST,VIGENTE) VALUES ('05','11','08','VISCHONGO','1');
INSERT INTO SYSCANVAS.T_DISTRITO (CODDPTO,CODPROV,CODDIST,DESDIST,VIGENTE) VALUES ('06','01','01','CAJAMARCA','1');
INSERT INTO SYSCANVAS.T_DISTRITO (CODDPTO,CODPROV,CODDIST,DESDIST,VIGENTE) VALUES ('06','01','02','ASUNCION','1');
INSERT INTO SYSCANVAS.T_DISTRITO (CODDPTO,CODPROV,CODDIST,DESDIST,VIGENTE) VALUES ('06','01','03','CHETILLA','1');
INSERT INTO SYSCANVAS.T_DISTRITO (CODDPTO,CODPROV,CODDIST,DESDIST,VIGENTE) VALUES ('06','01','04','COSPAN','1');
INSERT INTO SYSCANVAS.T_DISTRITO (CODDPTO,CODPROV,CODDIST,DESDIST,VIGENTE) VALUES ('06','01','05','ENCAÑADA','1');
INSERT INTO SYSCANVAS.T_DISTRITO (CODDPTO,CODPROV,CODDIST,DESDIST,VIGENTE) VALUES ('06','01','06','JESUS','1');
INSERT INTO SYSCANVAS.T_DISTRITO (CODDPTO,CODPROV,CODDIST,DESDIST,VIGENTE) VALUES ('06','01','07','LLACANORA','1');
INSERT INTO SYSCANVAS.T_DISTRITO (CODDPTO,CODPROV,CODDIST,DESDIST,VIGENTE) VALUES ('06','01','08','LOS BAÑOS DEL INCA','1');
INSERT INTO SYSCANVAS.T_DISTRITO (CODDPTO,CODPROV,CODDIST,DESDIST,VIGENTE) VALUES ('06','01','09','MAGDALENA','1');
INSERT INTO SYSCANVAS.T_DISTRITO (CODDPTO,CODPROV,CODDIST,DESDIST,VIGENTE) VALUES ('06','01','10','MATARA','1');
INSERT INTO SYSCANVAS.T_DISTRITO (CODDPTO,CODPROV,CODDIST,DESDIST,VIGENTE) VALUES ('06','01','11','NAMORA','1');
INSERT INTO SYSCANVAS.T_DISTRITO (CODDPTO,CODPROV,CODDIST,DESDIST,VIGENTE) VALUES ('06','01','12','SAN JUAN','1');
INSERT INTO SYSCANVAS.T_DISTRITO (CODDPTO,CODPROV,CODDIST,DESDIST,VIGENTE) VALUES ('06','02','01','CAJABAMBA','1');
INSERT INTO SYSCANVAS.T_DISTRITO (CODDPTO,CODPROV,CODDIST,DESDIST,VIGENTE) VALUES ('06','02','02','CACHACHI','1');
INSERT INTO SYSCANVAS.T_DISTRITO (CODDPTO,CODPROV,CODDIST,DESDIST,VIGENTE) VALUES ('06','02','03','CONDEBAMBA','1');
INSERT INTO SYSCANVAS.T_DISTRITO (CODDPTO,CODPROV,CODDIST,DESDIST,VIGENTE) VALUES ('06','02','04','SITACOCHA','1');
INSERT INTO SYSCANVAS.T_DISTRITO (CODDPTO,CODPROV,CODDIST,DESDIST,VIGENTE) VALUES ('06','03','01','CELENDIN','1');
INSERT INTO SYSCANVAS.T_DISTRITO (CODDPTO,CODPROV,CODDIST,DESDIST,VIGENTE) VALUES ('06','03','02','CHUMUCH','1');
INSERT INTO SYSCANVAS.T_DISTRITO (CODDPTO,CODPROV,CODDIST,DESDIST,VIGENTE) VALUES ('06','03','03','CORTEGANA','1');
INSERT INTO SYSCANVAS.T_DISTRITO (CODDPTO,CODPROV,CODDIST,DESDIST,VIGENTE) VALUES ('06','03','04','HUASMIN','1');
INSERT INTO SYSCANVAS.T_DISTRITO (CODDPTO,CODPROV,CODDIST,DESDIST,VIGENTE) VALUES ('06','03','05','JORGE CHAVEZ','1');
INSERT INTO SYSCANVAS.T_DISTRITO (CODDPTO,CODPROV,CODDIST,DESDIST,VIGENTE) VALUES ('06','03','06','JOSE GALVEZ','1');
INSERT INTO SYSCANVAS.T_DISTRITO (CODDPTO,CODPROV,CODDIST,DESDIST,VIGENTE) VALUES ('06','03','07','MIGUEL IGLESIAS','1');
INSERT INTO SYSCANVAS.T_DISTRITO (CODDPTO,CODPROV,CODDIST,DESDIST,VIGENTE) VALUES ('06','03','08','OXAMARCA','1');
INSERT INTO SYSCANVAS.T_DISTRITO (CODDPTO,CODPROV,CODDIST,DESDIST,VIGENTE) VALUES ('06','03','09','SOROCHUCO','1');
INSERT INTO SYSCANVAS.T_DISTRITO (CODDPTO,CODPROV,CODDIST,DESDIST,VIGENTE) VALUES ('06','03','10','SUCRE','1');
INSERT INTO SYSCANVAS.T_DISTRITO (CODDPTO,CODPROV,CODDIST,DESDIST,VIGENTE) VALUES ('06','03','11','UTCO','1');
INSERT INTO SYSCANVAS.T_DISTRITO (CODDPTO,CODPROV,CODDIST,DESDIST,VIGENTE) VALUES ('06','03','12','LA LIBERTAD DE PALLA','1');
INSERT INTO SYSCANVAS.T_DISTRITO (CODDPTO,CODPROV,CODDIST,DESDIST,VIGENTE) VALUES ('06','04','01','CHOTA','1');
INSERT INTO SYSCANVAS.T_DISTRITO (CODDPTO,CODPROV,CODDIST,DESDIST,VIGENTE) VALUES ('06','04','02','ANGUIA','1');
INSERT INTO SYSCANVAS.T_DISTRITO (CODDPTO,CODPROV,CODDIST,DESDIST,VIGENTE) VALUES ('06','04','03','CHADIN','1');
INSERT INTO SYSCANVAS.T_DISTRITO (CODDPTO,CODPROV,CODDIST,DESDIST,VIGENTE) VALUES ('06','04','04','CHIGUIRIP','1');
INSERT INTO SYSCANVAS.T_DISTRITO (CODDPTO,CODPROV,CODDIST,DESDIST,VIGENTE) VALUES ('06','04','05','CHIMBAN','1');
INSERT INTO SYSCANVAS.T_DISTRITO (CODDPTO,CODPROV,CODDIST,DESDIST,VIGENTE) VALUES ('06','04','06','CHOROPAMPA','1');
INSERT INTO SYSCANVAS.T_DISTRITO (CODDPTO,CODPROV,CODDIST,DESDIST,VIGENTE) VALUES ('06','04','07','COCHABAMBA','1');
INSERT INTO SYSCANVAS.T_DISTRITO (CODDPTO,CODPROV,CODDIST,DESDIST,VIGENTE) VALUES ('06','04','08','CONCHAN','1');
INSERT INTO SYSCANVAS.T_DISTRITO (CODDPTO,CODPROV,CODDIST,DESDIST,VIGENTE) VALUES ('06','04','09','HUAMBOS','1');
INSERT INTO SYSCANVAS.T_DISTRITO (CODDPTO,CODPROV,CODDIST,DESDIST,VIGENTE) VALUES ('06','04','10','LAJAS','1');
INSERT INTO SYSCANVAS.T_DISTRITO (CODDPTO,CODPROV,CODDIST,DESDIST,VIGENTE) VALUES ('06','04','11','LLAMA','1');
INSERT INTO SYSCANVAS.T_DISTRITO (CODDPTO,CODPROV,CODDIST,DESDIST,VIGENTE) VALUES ('06','04','12','MIRACOSTA','1');
INSERT INTO SYSCANVAS.T_DISTRITO (CODDPTO,CODPROV,CODDIST,DESDIST,VIGENTE) VALUES ('06','04','13','PACCHA','1');
INSERT INTO SYSCANVAS.T_DISTRITO (CODDPTO,CODPROV,CODDIST,DESDIST,VIGENTE) VALUES ('06','04','14','PION','1');
INSERT INTO SYSCANVAS.T_DISTRITO (CODDPTO,CODPROV,CODDIST,DESDIST,VIGENTE) VALUES ('06','04','15','QUEROCOTO','1');
INSERT INTO SYSCANVAS.T_DISTRITO (CODDPTO,CODPROV,CODDIST,DESDIST,VIGENTE) VALUES ('06','04','16','SAN JUAN DE LICUPIS','1');
INSERT INTO SYSCANVAS.T_DISTRITO (CODDPTO,CODPROV,CODDIST,DESDIST,VIGENTE) VALUES ('06','04','17','TACABAMBA','1');
INSERT INTO SYSCANVAS.T_DISTRITO (CODDPTO,CODPROV,CODDIST,DESDIST,VIGENTE) VALUES ('06','04','18','TOCMOCHE','1');
INSERT INTO SYSCANVAS.T_DISTRITO (CODDPTO,CODPROV,CODDIST,DESDIST,VIGENTE) VALUES ('06','04','19','CHALAMARCA','1');
INSERT INTO SYSCANVAS.T_DISTRITO (CODDPTO,CODPROV,CODDIST,DESDIST,VIGENTE) VALUES ('06','05','01','CONTUMAZA','1');
INSERT INTO SYSCANVAS.T_DISTRITO (CODDPTO,CODPROV,CODDIST,DESDIST,VIGENTE) VALUES ('06','05','02','CHILETE','1');
INSERT INTO SYSCANVAS.T_DISTRITO (CODDPTO,CODPROV,CODDIST,DESDIST,VIGENTE) VALUES ('06','05','03','CUPISNIQUE','1');
INSERT INTO SYSCANVAS.T_DISTRITO (CODDPTO,CODPROV,CODDIST,DESDIST,VIGENTE) VALUES ('06','05','04','GUZMANGO','1');
INSERT INTO SYSCANVAS.T_DISTRITO (CODDPTO,CODPROV,CODDIST,DESDIST,VIGENTE) VALUES ('06','05','05','SAN BENITO','1');
INSERT INTO SYSCANVAS.T_DISTRITO (CODDPTO,CODPROV,CODDIST,DESDIST,VIGENTE) VALUES ('06','05','06','SANTA CRUZ DE TOLED','1');
INSERT INTO SYSCANVAS.T_DISTRITO (CODDPTO,CODPROV,CODDIST,DESDIST,VIGENTE) VALUES ('06','05','07','TANTARICA','1');
INSERT INTO SYSCANVAS.T_DISTRITO (CODDPTO,CODPROV,CODDIST,DESDIST,VIGENTE) VALUES ('06','05','08','YONAN','1');
INSERT INTO SYSCANVAS.T_DISTRITO (CODDPTO,CODPROV,CODDIST,DESDIST,VIGENTE) VALUES ('06','06','01','CUTERVO','1');
INSERT INTO SYSCANVAS.T_DISTRITO (CODDPTO,CODPROV,CODDIST,DESDIST,VIGENTE) VALUES ('06','06','02','CALLAYUC','1');
INSERT INTO SYSCANVAS.T_DISTRITO (CODDPTO,CODPROV,CODDIST,DESDIST,VIGENTE) VALUES ('06','06','03','CHOROS','1');
INSERT INTO SYSCANVAS.T_DISTRITO (CODDPTO,CODPROV,CODDIST,DESDIST,VIGENTE) VALUES ('06','06','04','CUJILLO','1');
INSERT INTO SYSCANVAS.T_DISTRITO (CODDPTO,CODPROV,CODDIST,DESDIST,VIGENTE) VALUES ('06','06','05','LA RAMADA','1');
INSERT INTO SYSCANVAS.T_DISTRITO (CODDPTO,CODPROV,CODDIST,DESDIST,VIGENTE) VALUES ('06','06','06','PIMPINGOS','1');
INSERT INTO SYSCANVAS.T_DISTRITO (CODDPTO,CODPROV,CODDIST,DESDIST,VIGENTE) VALUES ('06','06','07','QUEROCOTILLO','1');
INSERT INTO SYSCANVAS.T_DISTRITO (CODDPTO,CODPROV,CODDIST,DESDIST,VIGENTE) VALUES ('06','06','08','SAN ANDRES DE CUTERV','1');
INSERT INTO SYSCANVAS.T_DISTRITO (CODDPTO,CODPROV,CODDIST,DESDIST,VIGENTE) VALUES ('06','06','09','SAN JUAN DE CUTERVO','1');
INSERT INTO SYSCANVAS.T_DISTRITO (CODDPTO,CODPROV,CODDIST,DESDIST,VIGENTE) VALUES ('06','06','10','SAN LUIS DE LUCMA','1');
INSERT INTO SYSCANVAS.T_DISTRITO (CODDPTO,CODPROV,CODDIST,DESDIST,VIGENTE) VALUES ('06','06','11','SANTA CRUZ','1');
INSERT INTO SYSCANVAS.T_DISTRITO (CODDPTO,CODPROV,CODDIST,DESDIST,VIGENTE) VALUES ('06','06','12','SANTO DOMINGO DE LA','1');
INSERT INTO SYSCANVAS.T_DISTRITO (CODDPTO,CODPROV,CODDIST,DESDIST,VIGENTE) VALUES ('06','06','13','SANTO TOMAS','1');
INSERT INTO SYSCANVAS.T_DISTRITO (CODDPTO,CODPROV,CODDIST,DESDIST,VIGENTE) VALUES ('06','06','14','SOCOTA','1');
INSERT INTO SYSCANVAS.T_DISTRITO (CODDPTO,CODPROV,CODDIST,DESDIST,VIGENTE) VALUES ('06','06','15','TORIBIO CASANOVA','1');
INSERT INTO SYSCANVAS.T_DISTRITO (CODDPTO,CODPROV,CODDIST,DESDIST,VIGENTE) VALUES ('06','07','01','BAMBAMARCA','1');
INSERT INTO SYSCANVAS.T_DISTRITO (CODDPTO,CODPROV,CODDIST,DESDIST,VIGENTE) VALUES ('06','07','02','CHUGUR','1');
INSERT INTO SYSCANVAS.T_DISTRITO (CODDPTO,CODPROV,CODDIST,DESDIST,VIGENTE) VALUES ('06','07','03','HUALGAYOC','1');
INSERT INTO SYSCANVAS.T_DISTRITO (CODDPTO,CODPROV,CODDIST,DESDIST,VIGENTE) VALUES ('06','08','01','JAEN','1');
INSERT INTO SYSCANVAS.T_DISTRITO (CODDPTO,CODPROV,CODDIST,DESDIST,VIGENTE) VALUES ('06','08','02','BELLAVISTA','1');
INSERT INTO SYSCANVAS.T_DISTRITO (CODDPTO,CODPROV,CODDIST,DESDIST,VIGENTE) VALUES ('06','08','03','CHONTALI','1');
INSERT INTO SYSCANVAS.T_DISTRITO (CODDPTO,CODPROV,CODDIST,DESDIST,VIGENTE) VALUES ('06','08','04','COLASAY','1');
INSERT INTO SYSCANVAS.T_DISTRITO (CODDPTO,CODPROV,CODDIST,DESDIST,VIGENTE) VALUES ('06','08','05','HUABAL','1');
INSERT INTO SYSCANVAS.T_DISTRITO (CODDPTO,CODPROV,CODDIST,DESDIST,VIGENTE) VALUES ('06','08','06','LAS PIRIAS','1');
INSERT INTO SYSCANVAS.T_DISTRITO (CODDPTO,CODPROV,CODDIST,DESDIST,VIGENTE) VALUES ('06','08','07','POMAHUACA','1');
INSERT INTO SYSCANVAS.T_DISTRITO (CODDPTO,CODPROV,CODDIST,DESDIST,VIGENTE) VALUES ('06','08','08','PUCARA','1');
INSERT INTO SYSCANVAS.T_DISTRITO (CODDPTO,CODPROV,CODDIST,DESDIST,VIGENTE) VALUES ('06','08','09','SALLIQUE','1');
INSERT INTO SYSCANVAS.T_DISTRITO (CODDPTO,CODPROV,CODDIST,DESDIST,VIGENTE) VALUES ('06','08','10','SAN FELIPE','1');
INSERT INTO SYSCANVAS.T_DISTRITO (CODDPTO,CODPROV,CODDIST,DESDIST,VIGENTE) VALUES ('06','08','11','SAN JOSE DEL ALTO','1');
INSERT INTO SYSCANVAS.T_DISTRITO (CODDPTO,CODPROV,CODDIST,DESDIST,VIGENTE) VALUES ('06','08','12','SANTA ROSA','1');
INSERT INTO SYSCANVAS.T_DISTRITO (CODDPTO,CODPROV,CODDIST,DESDIST,VIGENTE) VALUES ('06','09','01','SAN IGNACIO','1');
INSERT INTO SYSCANVAS.T_DISTRITO (CODDPTO,CODPROV,CODDIST,DESDIST,VIGENTE) VALUES ('06','09','02','CHIRINOS','1');
INSERT INTO SYSCANVAS.T_DISTRITO (CODDPTO,CODPROV,CODDIST,DESDIST,VIGENTE) VALUES ('06','09','03','HUARANGO','1');
INSERT INTO SYSCANVAS.T_DISTRITO (CODDPTO,CODPROV,CODDIST,DESDIST,VIGENTE) VALUES ('06','09','04','LA COIPA','1');
INSERT INTO SYSCANVAS.T_DISTRITO (CODDPTO,CODPROV,CODDIST,DESDIST,VIGENTE) VALUES ('06','09','05','NAMBALLE','1');
INSERT INTO SYSCANVAS.T_DISTRITO (CODDPTO,CODPROV,CODDIST,DESDIST,VIGENTE) VALUES ('06','09','06','SAN JOSE DE LOURDES','1');
INSERT INTO SYSCANVAS.T_DISTRITO (CODDPTO,CODPROV,CODDIST,DESDIST,VIGENTE) VALUES ('06','09','07','TABACONAS','1');
INSERT INTO SYSCANVAS.T_DISTRITO (CODDPTO,CODPROV,CODDIST,DESDIST,VIGENTE) VALUES ('06','10','01','PEDRO GALVEZ','1');
INSERT INTO SYSCANVAS.T_DISTRITO (CODDPTO,CODPROV,CODDIST,DESDIST,VIGENTE) VALUES ('06','10','02','CHANCAY','1');
INSERT INTO SYSCANVAS.T_DISTRITO (CODDPTO,CODPROV,CODDIST,DESDIST,VIGENTE) VALUES ('06','10','03','EDUARDO VILLANUEVA','1');
INSERT INTO SYSCANVAS.T_DISTRITO (CODDPTO,CODPROV,CODDIST,DESDIST,VIGENTE) VALUES ('06','10','04','GREGORIO PITA','1');
INSERT INTO SYSCANVAS.T_DISTRITO (CODDPTO,CODPROV,CODDIST,DESDIST,VIGENTE) VALUES ('06','10','05','ICHOCAN','1');
INSERT INTO SYSCANVAS.T_DISTRITO (CODDPTO,CODPROV,CODDIST,DESDIST,VIGENTE) VALUES ('06','10','06','JOSE MANUEL QUIROZ','1');
INSERT INTO SYSCANVAS.T_DISTRITO (CODDPTO,CODPROV,CODDIST,DESDIST,VIGENTE) VALUES ('06','10','07','JOSE SABOGAL','1');
INSERT INTO SYSCANVAS.T_DISTRITO (CODDPTO,CODPROV,CODDIST,DESDIST,VIGENTE) VALUES ('06','11','01','SAN MIGUEL','1');
INSERT INTO SYSCANVAS.T_DISTRITO (CODDPTO,CODPROV,CODDIST,DESDIST,VIGENTE) VALUES ('06','11','02','BOLIVAR','1');
INSERT INTO SYSCANVAS.T_DISTRITO (CODDPTO,CODPROV,CODDIST,DESDIST,VIGENTE) VALUES ('06','11','03','CALQUIS','1');
INSERT INTO SYSCANVAS.T_DISTRITO (CODDPTO,CODPROV,CODDIST,DESDIST,VIGENTE) VALUES ('06','11','04','CATILLUC','1');
INSERT INTO SYSCANVAS.T_DISTRITO (CODDPTO,CODPROV,CODDIST,DESDIST,VIGENTE) VALUES ('06','11','05','EL PRADO','1');
INSERT INTO SYSCANVAS.T_DISTRITO (CODDPTO,CODPROV,CODDIST,DESDIST,VIGENTE) VALUES ('06','11','06','LA FLORIDA','1');
INSERT INTO SYSCANVAS.T_DISTRITO (CODDPTO,CODPROV,CODDIST,DESDIST,VIGENTE) VALUES ('06','11','07','LLAPA','1');
INSERT INTO SYSCANVAS.T_DISTRITO (CODDPTO,CODPROV,CODDIST,DESDIST,VIGENTE) VALUES ('06','11','08','NANCHOC','1');
INSERT INTO SYSCANVAS.T_DISTRITO (CODDPTO,CODPROV,CODDIST,DESDIST,VIGENTE) VALUES ('06','11','09','NIEPOS','1');
INSERT INTO SYSCANVAS.T_DISTRITO (CODDPTO,CODPROV,CODDIST,DESDIST,VIGENTE) VALUES ('06','11','10','SAN GREGORIO','1');
INSERT INTO SYSCANVAS.T_DISTRITO (CODDPTO,CODPROV,CODDIST,DESDIST,VIGENTE) VALUES ('06','11','11','SAN SILVESTRE DE COC','1');
INSERT INTO SYSCANVAS.T_DISTRITO (CODDPTO,CODPROV,CODDIST,DESDIST,VIGENTE) VALUES ('06','11','12','TONGOD','1');
INSERT INTO SYSCANVAS.T_DISTRITO (CODDPTO,CODPROV,CODDIST,DESDIST,VIGENTE) VALUES ('06','11','13','UNION AGUA BLANCA','1');
INSERT INTO SYSCANVAS.T_DISTRITO (CODDPTO,CODPROV,CODDIST,DESDIST,VIGENTE) VALUES ('06','12','01','SAN PABLO','1');
INSERT INTO SYSCANVAS.T_DISTRITO (CODDPTO,CODPROV,CODDIST,DESDIST,VIGENTE) VALUES ('06','12','02','SAN BERNARDINO','1');
INSERT INTO SYSCANVAS.T_DISTRITO (CODDPTO,CODPROV,CODDIST,DESDIST,VIGENTE) VALUES ('06','12','03','SAN LUIS','1');
INSERT INTO SYSCANVAS.T_DISTRITO (CODDPTO,CODPROV,CODDIST,DESDIST,VIGENTE) VALUES ('06','12','04','TUMBADEN','1');
INSERT INTO SYSCANVAS.T_DISTRITO (CODDPTO,CODPROV,CODDIST,DESDIST,VIGENTE) VALUES ('06','13','01','SANTA CRUZ','1');
INSERT INTO SYSCANVAS.T_DISTRITO (CODDPTO,CODPROV,CODDIST,DESDIST,VIGENTE) VALUES ('06','13','02','ANDABAMBA','1');
INSERT INTO SYSCANVAS.T_DISTRITO (CODDPTO,CODPROV,CODDIST,DESDIST,VIGENTE) VALUES ('06','13','03','CATACHE','1');
INSERT INTO SYSCANVAS.T_DISTRITO (CODDPTO,CODPROV,CODDIST,DESDIST,VIGENTE) VALUES ('06','13','04','CHANCAYBAÑOS','1');
INSERT INTO SYSCANVAS.T_DISTRITO (CODDPTO,CODPROV,CODDIST,DESDIST,VIGENTE) VALUES ('06','13','05','LA ESPERANZA','1');
INSERT INTO SYSCANVAS.T_DISTRITO (CODDPTO,CODPROV,CODDIST,DESDIST,VIGENTE) VALUES ('06','13','06','NINABAMBA','1');
INSERT INTO SYSCANVAS.T_DISTRITO (CODDPTO,CODPROV,CODDIST,DESDIST,VIGENTE) VALUES ('06','13','07','PULAN','1');
INSERT INTO SYSCANVAS.T_DISTRITO (CODDPTO,CODPROV,CODDIST,DESDIST,VIGENTE) VALUES ('06','13','08','SAUCEPAMPA','1');
INSERT INTO SYSCANVAS.T_DISTRITO (CODDPTO,CODPROV,CODDIST,DESDIST,VIGENTE) VALUES ('06','13','09','SEXI','1');
INSERT INTO SYSCANVAS.T_DISTRITO (CODDPTO,CODPROV,CODDIST,DESDIST,VIGENTE) VALUES ('06','13','10','UTICYACU','1');
INSERT INTO SYSCANVAS.T_DISTRITO (CODDPTO,CODPROV,CODDIST,DESDIST,VIGENTE) VALUES ('06','13','11','YAUYUCAN','1');
INSERT INTO SYSCANVAS.T_DISTRITO (CODDPTO,CODPROV,CODDIST,DESDIST,VIGENTE) VALUES ('07','01','01','CALLAO','1');
INSERT INTO SYSCANVAS.T_DISTRITO (CODDPTO,CODPROV,CODDIST,DESDIST,VIGENTE) VALUES ('07','01','02','BELLAVISTA','1');
INSERT INTO SYSCANVAS.T_DISTRITO (CODDPTO,CODPROV,CODDIST,DESDIST,VIGENTE) VALUES ('07','01','03','CARMEN DE LA LEGUA R','1');
INSERT INTO SYSCANVAS.T_DISTRITO (CODDPTO,CODPROV,CODDIST,DESDIST,VIGENTE) VALUES ('07','01','04','LA PERLA','1');
INSERT INTO SYSCANVAS.T_DISTRITO (CODDPTO,CODPROV,CODDIST,DESDIST,VIGENTE) VALUES ('07','01','05','LA PUNTA','1');
INSERT INTO SYSCANVAS.T_DISTRITO (CODDPTO,CODPROV,CODDIST,DESDIST,VIGENTE) VALUES ('07','01','06','VENTANILLA','1');
INSERT INTO SYSCANVAS.T_DISTRITO (CODDPTO,CODPROV,CODDIST,DESDIST,VIGENTE) VALUES ('08','01','01','CUSCO','1');
INSERT INTO SYSCANVAS.T_DISTRITO (CODDPTO,CODPROV,CODDIST,DESDIST,VIGENTE) VALUES ('08','01','02','CCORCA','1');
INSERT INTO SYSCANVAS.T_DISTRITO (CODDPTO,CODPROV,CODDIST,DESDIST,VIGENTE) VALUES ('08','01','03','POROY','1');
INSERT INTO SYSCANVAS.T_DISTRITO (CODDPTO,CODPROV,CODDIST,DESDIST,VIGENTE) VALUES ('08','01','04','SAN JERONIMO','1');
INSERT INTO SYSCANVAS.T_DISTRITO (CODDPTO,CODPROV,CODDIST,DESDIST,VIGENTE) VALUES ('08','01','05','SAN SEBASTIAN','1');
INSERT INTO SYSCANVAS.T_DISTRITO (CODDPTO,CODPROV,CODDIST,DESDIST,VIGENTE) VALUES ('08','01','06','SANTIAGO','1');
INSERT INTO SYSCANVAS.T_DISTRITO (CODDPTO,CODPROV,CODDIST,DESDIST,VIGENTE) VALUES ('08','01','07','SAYLLA','1');
INSERT INTO SYSCANVAS.T_DISTRITO (CODDPTO,CODPROV,CODDIST,DESDIST,VIGENTE) VALUES ('08','01','08','WANCHAQ','1');
INSERT INTO SYSCANVAS.T_DISTRITO (CODDPTO,CODPROV,CODDIST,DESDIST,VIGENTE) VALUES ('08','02','01','ACOMAYO','1');
INSERT INTO SYSCANVAS.T_DISTRITO (CODDPTO,CODPROV,CODDIST,DESDIST,VIGENTE) VALUES ('08','02','02','ACOPIA','1');
INSERT INTO SYSCANVAS.T_DISTRITO (CODDPTO,CODPROV,CODDIST,DESDIST,VIGENTE) VALUES ('08','02','03','ACOS','1');
INSERT INTO SYSCANVAS.T_DISTRITO (CODDPTO,CODPROV,CODDIST,DESDIST,VIGENTE) VALUES ('08','02','04','MOSOC LLACTA','1');
INSERT INTO SYSCANVAS.T_DISTRITO (CODDPTO,CODPROV,CODDIST,DESDIST,VIGENTE) VALUES ('08','02','05','POMACANCHI','1');
INSERT INTO SYSCANVAS.T_DISTRITO (CODDPTO,CODPROV,CODDIST,DESDIST,VIGENTE) VALUES ('08','02','06','RONDOCAN','1');
INSERT INTO SYSCANVAS.T_DISTRITO (CODDPTO,CODPROV,CODDIST,DESDIST,VIGENTE) VALUES ('08','02','07','SANGARARA','1');
INSERT INTO SYSCANVAS.T_DISTRITO (CODDPTO,CODPROV,CODDIST,DESDIST,VIGENTE) VALUES ('08','03','01','ANTA','1');
INSERT INTO SYSCANVAS.T_DISTRITO (CODDPTO,CODPROV,CODDIST,DESDIST,VIGENTE) VALUES ('08','03','02','ANCAHUASI','1');
INSERT INTO SYSCANVAS.T_DISTRITO (CODDPTO,CODPROV,CODDIST,DESDIST,VIGENTE) VALUES ('08','03','03','CACHIMAYO','1');
INSERT INTO SYSCANVAS.T_DISTRITO (CODDPTO,CODPROV,CODDIST,DESDIST,VIGENTE) VALUES ('08','03','04','CHINCHAYPUJIO','1');
INSERT INTO SYSCANVAS.T_DISTRITO (CODDPTO,CODPROV,CODDIST,DESDIST,VIGENTE) VALUES ('08','03','05','HUAROCONDO','1');
INSERT INTO SYSCANVAS.T_DISTRITO (CODDPTO,CODPROV,CODDIST,DESDIST,VIGENTE) VALUES ('08','03','06','LIMATAMBO','1');
INSERT INTO SYSCANVAS.T_DISTRITO (CODDPTO,CODPROV,CODDIST,DESDIST,VIGENTE) VALUES ('08','03','07','MOLLEPATA','1');
INSERT INTO SYSCANVAS.T_DISTRITO (CODDPTO,CODPROV,CODDIST,DESDIST,VIGENTE) VALUES ('08','03','08','PUCYURA','1');
INSERT INTO SYSCANVAS.T_DISTRITO (CODDPTO,CODPROV,CODDIST,DESDIST,VIGENTE) VALUES ('08','03','09','ZURITE','1');
INSERT INTO SYSCANVAS.T_DISTRITO (CODDPTO,CODPROV,CODDIST,DESDIST,VIGENTE) VALUES ('08','04','01','CALCA','1');
INSERT INTO SYSCANVAS.T_DISTRITO (CODDPTO,CODPROV,CODDIST,DESDIST,VIGENTE) VALUES ('08','04','02','COYA','1');
INSERT INTO SYSCANVAS.T_DISTRITO (CODDPTO,CODPROV,CODDIST,DESDIST,VIGENTE) VALUES ('08','04','03','LAMAY','1');
INSERT INTO SYSCANVAS.T_DISTRITO (CODDPTO,CODPROV,CODDIST,DESDIST,VIGENTE) VALUES ('08','04','04','LARES','1');
INSERT INTO SYSCANVAS.T_DISTRITO (CODDPTO,CODPROV,CODDIST,DESDIST,VIGENTE) VALUES ('08','04','05','PISAC','1');
INSERT INTO SYSCANVAS.T_DISTRITO (CODDPTO,CODPROV,CODDIST,DESDIST,VIGENTE) VALUES ('08','04','06','SAN SALVADOR','1');
INSERT INTO SYSCANVAS.T_DISTRITO (CODDPTO,CODPROV,CODDIST,DESDIST,VIGENTE) VALUES ('08','04','07','TARAY','1');
INSERT INTO SYSCANVAS.T_DISTRITO (CODDPTO,CODPROV,CODDIST,DESDIST,VIGENTE) VALUES ('08','04','08','YANATILE','1');
INSERT INTO SYSCANVAS.T_DISTRITO (CODDPTO,CODPROV,CODDIST,DESDIST,VIGENTE) VALUES ('08','05','01','YANAOCA','1');
INSERT INTO SYSCANVAS.T_DISTRITO (CODDPTO,CODPROV,CODDIST,DESDIST,VIGENTE) VALUES ('08','05','02','CHECCA','1');
INSERT INTO SYSCANVAS.T_DISTRITO (CODDPTO,CODPROV,CODDIST,DESDIST,VIGENTE) VALUES ('08','05','03','KUNTURKANKI','1');
INSERT INTO SYSCANVAS.T_DISTRITO (CODDPTO,CODPROV,CODDIST,DESDIST,VIGENTE) VALUES ('08','05','04','LANGUI','1');
INSERT INTO SYSCANVAS.T_DISTRITO (CODDPTO,CODPROV,CODDIST,DESDIST,VIGENTE) VALUES ('08','05','05','LAYO','1');
INSERT INTO SYSCANVAS.T_DISTRITO (CODDPTO,CODPROV,CODDIST,DESDIST,VIGENTE) VALUES ('08','05','06','PAMPAMARCA','1');
INSERT INTO SYSCANVAS.T_DISTRITO (CODDPTO,CODPROV,CODDIST,DESDIST,VIGENTE) VALUES ('08','05','07','QUEHUE','1');
INSERT INTO SYSCANVAS.T_DISTRITO (CODDPTO,CODPROV,CODDIST,DESDIST,VIGENTE) VALUES ('08','05','08','TUPAC AMARU','1');
INSERT INTO SYSCANVAS.T_DISTRITO (CODDPTO,CODPROV,CODDIST,DESDIST,VIGENTE) VALUES ('08','06','01','SICUANI','1');
INSERT INTO SYSCANVAS.T_DISTRITO (CODDPTO,CODPROV,CODDIST,DESDIST,VIGENTE) VALUES ('08','06','02','CHECACUPE','1');
INSERT INTO SYSCANVAS.T_DISTRITO (CODDPTO,CODPROV,CODDIST,DESDIST,VIGENTE) VALUES ('08','06','03','COMBAPATA','1');
INSERT INTO SYSCANVAS.T_DISTRITO (CODDPTO,CODPROV,CODDIST,DESDIST,VIGENTE) VALUES ('08','06','04','MARANGANI','1');
INSERT INTO SYSCANVAS.T_DISTRITO (CODDPTO,CODPROV,CODDIST,DESDIST,VIGENTE) VALUES ('08','06','05','PITUMARCA','1');
INSERT INTO SYSCANVAS.T_DISTRITO (CODDPTO,CODPROV,CODDIST,DESDIST,VIGENTE) VALUES ('08','06','06','SAN PABLO','1');
INSERT INTO SYSCANVAS.T_DISTRITO (CODDPTO,CODPROV,CODDIST,DESDIST,VIGENTE) VALUES ('08','06','07','SAN PEDRO','1');
INSERT INTO SYSCANVAS.T_DISTRITO (CODDPTO,CODPROV,CODDIST,DESDIST,VIGENTE) VALUES ('08','06','08','TINTA','1');
INSERT INTO SYSCANVAS.T_DISTRITO (CODDPTO,CODPROV,CODDIST,DESDIST,VIGENTE) VALUES ('08','07','01','SANTO TOMAS','1');
INSERT INTO SYSCANVAS.T_DISTRITO (CODDPTO,CODPROV,CODDIST,DESDIST,VIGENTE) VALUES ('08','07','02','CAPACMARCA','1');
INSERT INTO SYSCANVAS.T_DISTRITO (CODDPTO,CODPROV,CODDIST,DESDIST,VIGENTE) VALUES ('08','07','03','CHAMACA','1');
INSERT INTO SYSCANVAS.T_DISTRITO (CODDPTO,CODPROV,CODDIST,DESDIST,VIGENTE) VALUES ('08','07','04','COLQUEMARCA','1');
INSERT INTO SYSCANVAS.T_DISTRITO (CODDPTO,CODPROV,CODDIST,DESDIST,VIGENTE) VALUES ('08','07','05','LIVITACA','1');
INSERT INTO SYSCANVAS.T_DISTRITO (CODDPTO,CODPROV,CODDIST,DESDIST,VIGENTE) VALUES ('08','07','06','LLUSCO','1');
INSERT INTO SYSCANVAS.T_DISTRITO (CODDPTO,CODPROV,CODDIST,DESDIST,VIGENTE) VALUES ('08','07','07','QUIÑOTA','1');
INSERT INTO SYSCANVAS.T_DISTRITO (CODDPTO,CODPROV,CODDIST,DESDIST,VIGENTE) VALUES ('08','07','08','VELILLE','1');
INSERT INTO SYSCANVAS.T_DISTRITO (CODDPTO,CODPROV,CODDIST,DESDIST,VIGENTE) VALUES ('08','08','01','ESPINAR','1');
INSERT INTO SYSCANVAS.T_DISTRITO (CODDPTO,CODPROV,CODDIST,DESDIST,VIGENTE) VALUES ('08','08','02','CONDOROMA','1');
INSERT INTO SYSCANVAS.T_DISTRITO (CODDPTO,CODPROV,CODDIST,DESDIST,VIGENTE) VALUES ('08','08','03','COPORAQUE','1');
INSERT INTO SYSCANVAS.T_DISTRITO (CODDPTO,CODPROV,CODDIST,DESDIST,VIGENTE) VALUES ('08','08','04','OCORURO','1');
INSERT INTO SYSCANVAS.T_DISTRITO (CODDPTO,CODPROV,CODDIST,DESDIST,VIGENTE) VALUES ('08','08','05','PALLPATA','1');
INSERT INTO SYSCANVAS.T_DISTRITO (CODDPTO,CODPROV,CODDIST,DESDIST,VIGENTE) VALUES ('08','08','06','PICHIGUA','1');
INSERT INTO SYSCANVAS.T_DISTRITO (CODDPTO,CODPROV,CODDIST,DESDIST,VIGENTE) VALUES ('08','08','07','SUYCKUTAMBO','1');
INSERT INTO SYSCANVAS.T_DISTRITO (CODDPTO,CODPROV,CODDIST,DESDIST,VIGENTE) VALUES ('08','08','08','ALTO PICHIGUA','1');
INSERT INTO SYSCANVAS.T_DISTRITO (CODDPTO,CODPROV,CODDIST,DESDIST,VIGENTE) VALUES ('08','09','01','SANTA ANA','1');
INSERT INTO SYSCANVAS.T_DISTRITO (CODDPTO,CODPROV,CODDIST,DESDIST,VIGENTE) VALUES ('08','09','02','ECHARATE','1');
INSERT INTO SYSCANVAS.T_DISTRITO (CODDPTO,CODPROV,CODDIST,DESDIST,VIGENTE) VALUES ('08','09','03','HUAYOPATA','1');
INSERT INTO SYSCANVAS.T_DISTRITO (CODDPTO,CODPROV,CODDIST,DESDIST,VIGENTE) VALUES ('08','09','04','MARANURA','1');
INSERT INTO SYSCANVAS.T_DISTRITO (CODDPTO,CODPROV,CODDIST,DESDIST,VIGENTE) VALUES ('08','09','05','OCOBAMBA','1');
INSERT INTO SYSCANVAS.T_DISTRITO (CODDPTO,CODPROV,CODDIST,DESDIST,VIGENTE) VALUES ('08','09','06','QUELLOUNO','1');
INSERT INTO SYSCANVAS.T_DISTRITO (CODDPTO,CODPROV,CODDIST,DESDIST,VIGENTE) VALUES ('08','09','07','QUIMBIRI','1');
INSERT INTO SYSCANVAS.T_DISTRITO (CODDPTO,CODPROV,CODDIST,DESDIST,VIGENTE) VALUES ('08','09','08','SANTA TERESA','1');
INSERT INTO SYSCANVAS.T_DISTRITO (CODDPTO,CODPROV,CODDIST,DESDIST,VIGENTE) VALUES ('08','09','09','VILCABAMBA','1');
INSERT INTO SYSCANVAS.T_DISTRITO (CODDPTO,CODPROV,CODDIST,DESDIST,VIGENTE) VALUES ('08','09','10','PICHARI','1');
INSERT INTO SYSCANVAS.T_DISTRITO (CODDPTO,CODPROV,CODDIST,DESDIST,VIGENTE) VALUES ('08','10','01','PARURO','1');
INSERT INTO SYSCANVAS.T_DISTRITO (CODDPTO,CODPROV,CODDIST,DESDIST,VIGENTE) VALUES ('08','10','02','ACCHA','1');
INSERT INTO SYSCANVAS.T_DISTRITO (CODDPTO,CODPROV,CODDIST,DESDIST,VIGENTE) VALUES ('08','10','03','CCAPI','1');
INSERT INTO SYSCANVAS.T_DISTRITO (CODDPTO,CODPROV,CODDIST,DESDIST,VIGENTE) VALUES ('08','10','04','COLCHA','1');
INSERT INTO SYSCANVAS.T_DISTRITO (CODDPTO,CODPROV,CODDIST,DESDIST,VIGENTE) VALUES ('08','10','05','HUANOQUITE','1');
INSERT INTO SYSCANVAS.T_DISTRITO (CODDPTO,CODPROV,CODDIST,DESDIST,VIGENTE) VALUES ('08','10','06','OMACHA','1');
INSERT INTO SYSCANVAS.T_DISTRITO (CODDPTO,CODPROV,CODDIST,DESDIST,VIGENTE) VALUES ('08','10','07','PACCARITAMBO','1');
INSERT INTO SYSCANVAS.T_DISTRITO (CODDPTO,CODPROV,CODDIST,DESDIST,VIGENTE) VALUES ('08','10','08','PILLPINTO','1');
INSERT INTO SYSCANVAS.T_DISTRITO (CODDPTO,CODPROV,CODDIST,DESDIST,VIGENTE) VALUES ('08','10','09','YAURISQUE','1');
INSERT INTO SYSCANVAS.T_DISTRITO (CODDPTO,CODPROV,CODDIST,DESDIST,VIGENTE) VALUES ('08','11','01','PAUCARTAMBO','1');
INSERT INTO SYSCANVAS.T_DISTRITO (CODDPTO,CODPROV,CODDIST,DESDIST,VIGENTE) VALUES ('08','11','02','CAICAY','1');
INSERT INTO SYSCANVAS.T_DISTRITO (CODDPTO,CODPROV,CODDIST,DESDIST,VIGENTE) VALUES ('08','11','03','CHALLABAMBA','1');
INSERT INTO SYSCANVAS.T_DISTRITO (CODDPTO,CODPROV,CODDIST,DESDIST,VIGENTE) VALUES ('08','11','04','COLQUEPATA','1');
INSERT INTO SYSCANVAS.T_DISTRITO (CODDPTO,CODPROV,CODDIST,DESDIST,VIGENTE) VALUES ('08','11','05','HUANCARANI','1');
INSERT INTO SYSCANVAS.T_DISTRITO (CODDPTO,CODPROV,CODDIST,DESDIST,VIGENTE) VALUES ('08','11','06','KOSÑIPATA','1');
INSERT INTO SYSCANVAS.T_DISTRITO (CODDPTO,CODPROV,CODDIST,DESDIST,VIGENTE) VALUES ('08','12','01','URCOS','1');
INSERT INTO SYSCANVAS.T_DISTRITO (CODDPTO,CODPROV,CODDIST,DESDIST,VIGENTE) VALUES ('08','12','02','ANDAHUAYLILLAS','1');
INSERT INTO SYSCANVAS.T_DISTRITO (CODDPTO,CODPROV,CODDIST,DESDIST,VIGENTE) VALUES ('08','12','03','CAMANTI','1');
INSERT INTO SYSCANVAS.T_DISTRITO (CODDPTO,CODPROV,CODDIST,DESDIST,VIGENTE) VALUES ('08','12','04','CCARHUAYO','1');
INSERT INTO SYSCANVAS.T_DISTRITO (CODDPTO,CODPROV,CODDIST,DESDIST,VIGENTE) VALUES ('08','12','05','CCATCA','1');
INSERT INTO SYSCANVAS.T_DISTRITO (CODDPTO,CODPROV,CODDIST,DESDIST,VIGENTE) VALUES ('08','12','06','CUSIPATA','1');
INSERT INTO SYSCANVAS.T_DISTRITO (CODDPTO,CODPROV,CODDIST,DESDIST,VIGENTE) VALUES ('08','12','07','HUARO','1');
INSERT INTO SYSCANVAS.T_DISTRITO (CODDPTO,CODPROV,CODDIST,DESDIST,VIGENTE) VALUES ('08','12','08','LUCRE','1');
INSERT INTO SYSCANVAS.T_DISTRITO (CODDPTO,CODPROV,CODDIST,DESDIST,VIGENTE) VALUES ('08','12','09','MARCAPATA','1');
INSERT INTO SYSCANVAS.T_DISTRITO (CODDPTO,CODPROV,CODDIST,DESDIST,VIGENTE) VALUES ('08','12','10','OCONGATE','1');
INSERT INTO SYSCANVAS.T_DISTRITO (CODDPTO,CODPROV,CODDIST,DESDIST,VIGENTE) VALUES ('08','12','11','OROPESA','1');
INSERT INTO SYSCANVAS.T_DISTRITO (CODDPTO,CODPROV,CODDIST,DESDIST,VIGENTE) VALUES ('08','12','12','QUIQUIJANA','1');
INSERT INTO SYSCANVAS.T_DISTRITO (CODDPTO,CODPROV,CODDIST,DESDIST,VIGENTE) VALUES ('08','13','01','URUBAMBA','1');
INSERT INTO SYSCANVAS.T_DISTRITO (CODDPTO,CODPROV,CODDIST,DESDIST,VIGENTE) VALUES ('08','13','02','CHINCHERO','1');
INSERT INTO SYSCANVAS.T_DISTRITO (CODDPTO,CODPROV,CODDIST,DESDIST,VIGENTE) VALUES ('08','13','03','HUAYLLABAMBA','1');
INSERT INTO SYSCANVAS.T_DISTRITO (CODDPTO,CODPROV,CODDIST,DESDIST,VIGENTE) VALUES ('08','13','04','MACHUPICCHU','1');
INSERT INTO SYSCANVAS.T_DISTRITO (CODDPTO,CODPROV,CODDIST,DESDIST,VIGENTE) VALUES ('08','13','05','MARAS','1');
INSERT INTO SYSCANVAS.T_DISTRITO (CODDPTO,CODPROV,CODDIST,DESDIST,VIGENTE) VALUES ('08','13','06','OLLANTAYTAMBO','1');
INSERT INTO SYSCANVAS.T_DISTRITO (CODDPTO,CODPROV,CODDIST,DESDIST,VIGENTE) VALUES ('08','13','07','YUCAY','1');
INSERT INTO SYSCANVAS.T_DISTRITO (CODDPTO,CODPROV,CODDIST,DESDIST,VIGENTE) VALUES ('09','01','01','HUANCAVELICA','1');
INSERT INTO SYSCANVAS.T_DISTRITO (CODDPTO,CODPROV,CODDIST,DESDIST,VIGENTE) VALUES ('09','01','02','ACOBAMBILLA','1');
INSERT INTO SYSCANVAS.T_DISTRITO (CODDPTO,CODPROV,CODDIST,DESDIST,VIGENTE) VALUES ('09','01','03','ACORIA','1');
INSERT INTO SYSCANVAS.T_DISTRITO (CODDPTO,CODPROV,CODDIST,DESDIST,VIGENTE) VALUES ('09','01','04','CONAYCA','1');
INSERT INTO SYSCANVAS.T_DISTRITO (CODDPTO,CODPROV,CODDIST,DESDIST,VIGENTE) VALUES ('09','01','05','CUENCA','1');
INSERT INTO SYSCANVAS.T_DISTRITO (CODDPTO,CODPROV,CODDIST,DESDIST,VIGENTE) VALUES ('09','01','06','HUACHOCOLPA','1');
INSERT INTO SYSCANVAS.T_DISTRITO (CODDPTO,CODPROV,CODDIST,DESDIST,VIGENTE) VALUES ('09','01','07','HUAYLLAHUARA','1');
INSERT INTO SYSCANVAS.T_DISTRITO (CODDPTO,CODPROV,CODDIST,DESDIST,VIGENTE) VALUES ('09','01','08','IZCUCHACA','1');
INSERT INTO SYSCANVAS.T_DISTRITO (CODDPTO,CODPROV,CODDIST,DESDIST,VIGENTE) VALUES ('09','01','09','LARIA','1');
INSERT INTO SYSCANVAS.T_DISTRITO (CODDPTO,CODPROV,CODDIST,DESDIST,VIGENTE) VALUES ('09','01','10','MANTA','1');
INSERT INTO SYSCANVAS.T_DISTRITO (CODDPTO,CODPROV,CODDIST,DESDIST,VIGENTE) VALUES ('09','01','11','MARISCAL CACERES','1');
INSERT INTO SYSCANVAS.T_DISTRITO (CODDPTO,CODPROV,CODDIST,DESDIST,VIGENTE) VALUES ('09','01','12','MOYA','1');
INSERT INTO SYSCANVAS.T_DISTRITO (CODDPTO,CODPROV,CODDIST,DESDIST,VIGENTE) VALUES ('09','01','13','NUEVO OCCORO','1');
INSERT INTO SYSCANVAS.T_DISTRITO (CODDPTO,CODPROV,CODDIST,DESDIST,VIGENTE) VALUES ('09','01','14','PALCA','1');
INSERT INTO SYSCANVAS.T_DISTRITO (CODDPTO,CODPROV,CODDIST,DESDIST,VIGENTE) VALUES ('09','01','15','PILCHACA','1');
INSERT INTO SYSCANVAS.T_DISTRITO (CODDPTO,CODPROV,CODDIST,DESDIST,VIGENTE) VALUES ('09','01','16','VILCA','1');
INSERT INTO SYSCANVAS.T_DISTRITO (CODDPTO,CODPROV,CODDIST,DESDIST,VIGENTE) VALUES ('09','01','17','YAULI','1');
INSERT INTO SYSCANVAS.T_DISTRITO (CODDPTO,CODPROV,CODDIST,DESDIST,VIGENTE) VALUES ('09','01','18','ASCENSION','1');
INSERT INTO SYSCANVAS.T_DISTRITO (CODDPTO,CODPROV,CODDIST,DESDIST,VIGENTE) VALUES ('09','01','19','HUANDO','1');
INSERT INTO SYSCANVAS.T_DISTRITO (CODDPTO,CODPROV,CODDIST,DESDIST,VIGENTE) VALUES ('09','02','01','ACOBAMBA','1');
INSERT INTO SYSCANVAS.T_DISTRITO (CODDPTO,CODPROV,CODDIST,DESDIST,VIGENTE) VALUES ('09','02','02','ANDABAMBA','1');
INSERT INTO SYSCANVAS.T_DISTRITO (CODDPTO,CODPROV,CODDIST,DESDIST,VIGENTE) VALUES ('09','02','03','ANTA','1');
INSERT INTO SYSCANVAS.T_DISTRITO (CODDPTO,CODPROV,CODDIST,DESDIST,VIGENTE) VALUES ('09','02','04','CAJA','1');
INSERT INTO SYSCANVAS.T_DISTRITO (CODDPTO,CODPROV,CODDIST,DESDIST,VIGENTE) VALUES ('09','02','05','MARCAS','1');
INSERT INTO SYSCANVAS.T_DISTRITO (CODDPTO,CODPROV,CODDIST,DESDIST,VIGENTE) VALUES ('09','02','06','PAUCARA','1');
INSERT INTO SYSCANVAS.T_DISTRITO (CODDPTO,CODPROV,CODDIST,DESDIST,VIGENTE) VALUES ('09','02','07','POMACOCHA','1');
INSERT INTO SYSCANVAS.T_DISTRITO (CODDPTO,CODPROV,CODDIST,DESDIST,VIGENTE) VALUES ('09','02','08','ROSARIO','1');
INSERT INTO SYSCANVAS.T_DISTRITO (CODDPTO,CODPROV,CODDIST,DESDIST,VIGENTE) VALUES ('09','03','01','LIRCAY','1');
INSERT INTO SYSCANVAS.T_DISTRITO (CODDPTO,CODPROV,CODDIST,DESDIST,VIGENTE) VALUES ('09','03','02','ANCHONGA','1');
INSERT INTO SYSCANVAS.T_DISTRITO (CODDPTO,CODPROV,CODDIST,DESDIST,VIGENTE) VALUES ('09','03','03','CALLANMARCA','1');
INSERT INTO SYSCANVAS.T_DISTRITO (CODDPTO,CODPROV,CODDIST,DESDIST,VIGENTE) VALUES ('09','03','04','CCOCHACCASA','1');
INSERT INTO SYSCANVAS.T_DISTRITO (CODDPTO,CODPROV,CODDIST,DESDIST,VIGENTE) VALUES ('09','03','05','CHINCHO','1');
INSERT INTO SYSCANVAS.T_DISTRITO (CODDPTO,CODPROV,CODDIST,DESDIST,VIGENTE) VALUES ('09','03','06','CONGALLA','1');
INSERT INTO SYSCANVAS.T_DISTRITO (CODDPTO,CODPROV,CODDIST,DESDIST,VIGENTE) VALUES ('09','03','07','HUANCA-HUANCA','1');
INSERT INTO SYSCANVAS.T_DISTRITO (CODDPTO,CODPROV,CODDIST,DESDIST,VIGENTE) VALUES ('09','03','08','HUAYLLAY GRANDE','1');
INSERT INTO SYSCANVAS.T_DISTRITO (CODDPTO,CODPROV,CODDIST,DESDIST,VIGENTE) VALUES ('09','03','09','JULCAMARCA','1');
INSERT INTO SYSCANVAS.T_DISTRITO (CODDPTO,CODPROV,CODDIST,DESDIST,VIGENTE) VALUES ('09','03','10','SAN ANTONIO DE ANTAP','1');
INSERT INTO SYSCANVAS.T_DISTRITO (CODDPTO,CODPROV,CODDIST,DESDIST,VIGENTE) VALUES ('09','03','11','SANTO TOMAS DE PATA','1');
INSERT INTO SYSCANVAS.T_DISTRITO (CODDPTO,CODPROV,CODDIST,DESDIST,VIGENTE) VALUES ('09','03','12','SECCLLA','1');
INSERT INTO SYSCANVAS.T_DISTRITO (CODDPTO,CODPROV,CODDIST,DESDIST,VIGENTE) VALUES ('09','04','01','CASTROVIRREYNA','1');
INSERT INTO SYSCANVAS.T_DISTRITO (CODDPTO,CODPROV,CODDIST,DESDIST,VIGENTE) VALUES ('09','04','02','ARMA','1');
INSERT INTO SYSCANVAS.T_DISTRITO (CODDPTO,CODPROV,CODDIST,DESDIST,VIGENTE) VALUES ('09','04','03','AURAHUA','1');
INSERT INTO SYSCANVAS.T_DISTRITO (CODDPTO,CODPROV,CODDIST,DESDIST,VIGENTE) VALUES ('09','04','04','CAPILLAS','1');
INSERT INTO SYSCANVAS.T_DISTRITO (CODDPTO,CODPROV,CODDIST,DESDIST,VIGENTE) VALUES ('09','04','05','CHUPAMARCA','1');
INSERT INTO SYSCANVAS.T_DISTRITO (CODDPTO,CODPROV,CODDIST,DESDIST,VIGENTE) VALUES ('09','04','06','COCAS','1');
INSERT INTO SYSCANVAS.T_DISTRITO (CODDPTO,CODPROV,CODDIST,DESDIST,VIGENTE) VALUES ('09','04','07','HUACHOS','1');
INSERT INTO SYSCANVAS.T_DISTRITO (CODDPTO,CODPROV,CODDIST,DESDIST,VIGENTE) VALUES ('09','04','08','HUAMATAMBO','1');
INSERT INTO SYSCANVAS.T_DISTRITO (CODDPTO,CODPROV,CODDIST,DESDIST,VIGENTE) VALUES ('09','04','09','MOLLEPAMPA','1');
INSERT INTO SYSCANVAS.T_DISTRITO (CODDPTO,CODPROV,CODDIST,DESDIST,VIGENTE) VALUES ('09','04','10','SAN JUAN','1');
INSERT INTO SYSCANVAS.T_DISTRITO (CODDPTO,CODPROV,CODDIST,DESDIST,VIGENTE) VALUES ('09','04','11','SANTA ANA','1');
INSERT INTO SYSCANVAS.T_DISTRITO (CODDPTO,CODPROV,CODDIST,DESDIST,VIGENTE) VALUES ('09','04','12','TANTARA','1');
INSERT INTO SYSCANVAS.T_DISTRITO (CODDPTO,CODPROV,CODDIST,DESDIST,VIGENTE) VALUES ('09','04','13','TICRAPO','1');
INSERT INTO SYSCANVAS.T_DISTRITO (CODDPTO,CODPROV,CODDIST,DESDIST,VIGENTE) VALUES ('09','05','01','CHURCAMPA','1');
INSERT INTO SYSCANVAS.T_DISTRITO (CODDPTO,CODPROV,CODDIST,DESDIST,VIGENTE) VALUES ('09','05','02','ANCO','1');
INSERT INTO SYSCANVAS.T_DISTRITO (CODDPTO,CODPROV,CODDIST,DESDIST,VIGENTE) VALUES ('09','05','03','CHINCHIHUASI','1');
INSERT INTO SYSCANVAS.T_DISTRITO (CODDPTO,CODPROV,CODDIST,DESDIST,VIGENTE) VALUES ('09','05','04','EL CARMEN','1');
INSERT INTO SYSCANVAS.T_DISTRITO (CODDPTO,CODPROV,CODDIST,DESDIST,VIGENTE) VALUES ('09','05','05','LA MERCED','1');
INSERT INTO SYSCANVAS.T_DISTRITO (CODDPTO,CODPROV,CODDIST,DESDIST,VIGENTE) VALUES ('09','05','06','LOCROJA','1');
INSERT INTO SYSCANVAS.T_DISTRITO (CODDPTO,CODPROV,CODDIST,DESDIST,VIGENTE) VALUES ('09','05','07','PAUCARBAMBA','1');
INSERT INTO SYSCANVAS.T_DISTRITO (CODDPTO,CODPROV,CODDIST,DESDIST,VIGENTE) VALUES ('09','05','08','SAN MIGUEL DE MAYOCC','1');
INSERT INTO SYSCANVAS.T_DISTRITO (CODDPTO,CODPROV,CODDIST,DESDIST,VIGENTE) VALUES ('09','05','09','SAN PEDRO DE CORIS','1');
INSERT INTO SYSCANVAS.T_DISTRITO (CODDPTO,CODPROV,CODDIST,DESDIST,VIGENTE) VALUES ('09','05','10','PACHAMARCA','1');
INSERT INTO SYSCANVAS.T_DISTRITO (CODDPTO,CODPROV,CODDIST,DESDIST,VIGENTE) VALUES ('09','06','01','HUAYTARA','1');
INSERT INTO SYSCANVAS.T_DISTRITO (CODDPTO,CODPROV,CODDIST,DESDIST,VIGENTE) VALUES ('09','06','02','AYAVI','1');
INSERT INTO SYSCANVAS.T_DISTRITO (CODDPTO,CODPROV,CODDIST,DESDIST,VIGENTE) VALUES ('09','06','03','CORDOVA','1');
INSERT INTO SYSCANVAS.T_DISTRITO (CODDPTO,CODPROV,CODDIST,DESDIST,VIGENTE) VALUES ('09','06','04','HUAYACUNDO ARMA','1');
INSERT INTO SYSCANVAS.T_DISTRITO (CODDPTO,CODPROV,CODDIST,DESDIST,VIGENTE) VALUES ('09','06','05','LARAMARCA','1');
INSERT INTO SYSCANVAS.T_DISTRITO (CODDPTO,CODPROV,CODDIST,DESDIST,VIGENTE) VALUES ('09','06','06','OCOYO','1');
INSERT INTO SYSCANVAS.T_DISTRITO (CODDPTO,CODPROV,CODDIST,DESDIST,VIGENTE) VALUES ('09','06','07','PILPICHACA','1');
INSERT INTO SYSCANVAS.T_DISTRITO (CODDPTO,CODPROV,CODDIST,DESDIST,VIGENTE) VALUES ('09','06','08','QUERCO','1');
INSERT INTO SYSCANVAS.T_DISTRITO (CODDPTO,CODPROV,CODDIST,DESDIST,VIGENTE) VALUES ('09','06','09','QUITO-ARMA','1');
INSERT INTO SYSCANVAS.T_DISTRITO (CODDPTO,CODPROV,CODDIST,DESDIST,VIGENTE) VALUES ('09','06','10','SAN ANTONIO DE CUSIC','1');
INSERT INTO SYSCANVAS.T_DISTRITO (CODDPTO,CODPROV,CODDIST,DESDIST,VIGENTE) VALUES ('09','06','11','SAN FRANCISCO DE SAN','1');
INSERT INTO SYSCANVAS.T_DISTRITO (CODDPTO,CODPROV,CODDIST,DESDIST,VIGENTE) VALUES ('09','06','12','SAN ISIDRO','1');
INSERT INTO SYSCANVAS.T_DISTRITO (CODDPTO,CODPROV,CODDIST,DESDIST,VIGENTE) VALUES ('09','06','13','SANTIAGO DE CHOCORVO','1');
INSERT INTO SYSCANVAS.T_DISTRITO (CODDPTO,CODPROV,CODDIST,DESDIST,VIGENTE) VALUES ('09','06','14','SANTIAGO DE QUIRAHUA','1');
INSERT INTO SYSCANVAS.T_DISTRITO (CODDPTO,CODPROV,CODDIST,DESDIST,VIGENTE) VALUES ('09','06','15','SANTO DOMINGO DE CAP','1');
INSERT INTO SYSCANVAS.T_DISTRITO (CODDPTO,CODPROV,CODDIST,DESDIST,VIGENTE) VALUES ('09','06','16','TAMBO','1');
INSERT INTO SYSCANVAS.T_DISTRITO (CODDPTO,CODPROV,CODDIST,DESDIST,VIGENTE) VALUES ('09','07','01','PAMPAS','1');
INSERT INTO SYSCANVAS.T_DISTRITO (CODDPTO,CODPROV,CODDIST,DESDIST,VIGENTE) VALUES ('09','07','02','ACOSTAMBO','1');
INSERT INTO SYSCANVAS.T_DISTRITO (CODDPTO,CODPROV,CODDIST,DESDIST,VIGENTE) VALUES ('09','07','03','ACRAQUIA','1');
INSERT INTO SYSCANVAS.T_DISTRITO (CODDPTO,CODPROV,CODDIST,DESDIST,VIGENTE) VALUES ('09','07','04','AHUAYCHA','1');
INSERT INTO SYSCANVAS.T_DISTRITO (CODDPTO,CODPROV,CODDIST,DESDIST,VIGENTE) VALUES ('09','07','05','COLCABAMBA','1');
INSERT INTO SYSCANVAS.T_DISTRITO (CODDPTO,CODPROV,CODDIST,DESDIST,VIGENTE) VALUES ('09','07','06','DANIEL HERNANDEZ','1');
INSERT INTO SYSCANVAS.T_DISTRITO (CODDPTO,CODPROV,CODDIST,DESDIST,VIGENTE) VALUES ('09','07','07','HUACHOCOLPA','1');
INSERT INTO SYSCANVAS.T_DISTRITO (CODDPTO,CODPROV,CODDIST,DESDIST,VIGENTE) VALUES ('09','07','08','HUANDO','1');
INSERT INTO SYSCANVAS.T_DISTRITO (CODDPTO,CODPROV,CODDIST,DESDIST,VIGENTE) VALUES ('09','07','09','HUARIBAMBA','1');
INSERT INTO SYSCANVAS.T_DISTRITO (CODDPTO,CODPROV,CODDIST,DESDIST,VIGENTE) VALUES ('09','07','10','ÑAHUIMPUQUIO','1');
INSERT INTO SYSCANVAS.T_DISTRITO (CODDPTO,CODPROV,CODDIST,DESDIST,VIGENTE) VALUES ('09','07','11','PAZOS','1');
INSERT INTO SYSCANVAS.T_DISTRITO (CODDPTO,CODPROV,CODDIST,DESDIST,VIGENTE) VALUES ('09','07','13','QUISHUAR','1');
INSERT INTO SYSCANVAS.T_DISTRITO (CODDPTO,CODPROV,CODDIST,DESDIST,VIGENTE) VALUES ('09','07','14','SALCABAMBA','1');
INSERT INTO SYSCANVAS.T_DISTRITO (CODDPTO,CODPROV,CODDIST,DESDIST,VIGENTE) VALUES ('09','07','15','SALCAHUASI','1');
INSERT INTO SYSCANVAS.T_DISTRITO (CODDPTO,CODPROV,CODDIST,DESDIST,VIGENTE) VALUES ('09','07','16','SAN MARCOS DE ROCCHA','1');
INSERT INTO SYSCANVAS.T_DISTRITO (CODDPTO,CODPROV,CODDIST,DESDIST,VIGENTE) VALUES ('09','07','17','SURCUBAMBA','1');
INSERT INTO SYSCANVAS.T_DISTRITO (CODDPTO,CODPROV,CODDIST,DESDIST,VIGENTE) VALUES ('09','07','18','TINTAY PUNCU','1');
INSERT INTO SYSCANVAS.T_DISTRITO (CODDPTO,CODPROV,CODDIST,DESDIST,VIGENTE) VALUES ('10','01','01','HUANUCO','1');
INSERT INTO SYSCANVAS.T_DISTRITO (CODDPTO,CODPROV,CODDIST,DESDIST,VIGENTE) VALUES ('10','01','02','AMARILIS','1');
INSERT INTO SYSCANVAS.T_DISTRITO (CODDPTO,CODPROV,CODDIST,DESDIST,VIGENTE) VALUES ('10','01','03','CHINCHAO','1');
INSERT INTO SYSCANVAS.T_DISTRITO (CODDPTO,CODPROV,CODDIST,DESDIST,VIGENTE) VALUES ('10','01','04','CHURUBAMBA','1');
INSERT INTO SYSCANVAS.T_DISTRITO (CODDPTO,CODPROV,CODDIST,DESDIST,VIGENTE) VALUES ('10','01','05','MARGOS','1');
INSERT INTO SYSCANVAS.T_DISTRITO (CODDPTO,CODPROV,CODDIST,DESDIST,VIGENTE) VALUES ('10','01','06','QUISQUI','1');
INSERT INTO SYSCANVAS.T_DISTRITO (CODDPTO,CODPROV,CODDIST,DESDIST,VIGENTE) VALUES ('10','01','07','SAN FRANCISCO DE CAY','1');
INSERT INTO SYSCANVAS.T_DISTRITO (CODDPTO,CODPROV,CODDIST,DESDIST,VIGENTE) VALUES ('10','01','08','SAN PEDRO DE CHAULAN','1');
INSERT INTO SYSCANVAS.T_DISTRITO (CODDPTO,CODPROV,CODDIST,DESDIST,VIGENTE) VALUES ('10','01','09','SANTA MARIA DEL VALL','1');
INSERT INTO SYSCANVAS.T_DISTRITO (CODDPTO,CODPROV,CODDIST,DESDIST,VIGENTE) VALUES ('10','01','10','YARUMAYO','1');
INSERT INTO SYSCANVAS.T_DISTRITO (CODDPTO,CODPROV,CODDIST,DESDIST,VIGENTE) VALUES ('10','01','11','PILLCO MARCA','1');
INSERT INTO SYSCANVAS.T_DISTRITO (CODDPTO,CODPROV,CODDIST,DESDIST,VIGENTE) VALUES ('10','02','01','AMBO','1');
INSERT INTO SYSCANVAS.T_DISTRITO (CODDPTO,CODPROV,CODDIST,DESDIST,VIGENTE) VALUES ('10','02','02','CAYNA','1');
INSERT INTO SYSCANVAS.T_DISTRITO (CODDPTO,CODPROV,CODDIST,DESDIST,VIGENTE) VALUES ('10','02','03','COLPAS','1');
INSERT INTO SYSCANVAS.T_DISTRITO (CODDPTO,CODPROV,CODDIST,DESDIST,VIGENTE) VALUES ('10','02','04','CONCHAMARCA','1');
INSERT INTO SYSCANVAS.T_DISTRITO (CODDPTO,CODPROV,CODDIST,DESDIST,VIGENTE) VALUES ('10','02','05','HUACAR','1');
INSERT INTO SYSCANVAS.T_DISTRITO (CODDPTO,CODPROV,CODDIST,DESDIST,VIGENTE) VALUES ('10','02','06','SAN FRANCISCO','1');
INSERT INTO SYSCANVAS.T_DISTRITO (CODDPTO,CODPROV,CODDIST,DESDIST,VIGENTE) VALUES ('10','02','07','SAN RAFAEL','1');
INSERT INTO SYSCANVAS.T_DISTRITO (CODDPTO,CODPROV,CODDIST,DESDIST,VIGENTE) VALUES ('10','02','08','TOMAY KICHWA','1');
INSERT INTO SYSCANVAS.T_DISTRITO (CODDPTO,CODPROV,CODDIST,DESDIST,VIGENTE) VALUES ('10','03','01','LA UNION','1');
INSERT INTO SYSCANVAS.T_DISTRITO (CODDPTO,CODPROV,CODDIST,DESDIST,VIGENTE) VALUES ('10','03','07','CHUQUIS','1');
INSERT INTO SYSCANVAS.T_DISTRITO (CODDPTO,CODPROV,CODDIST,DESDIST,VIGENTE) VALUES ('10','03','11','MARIAS','1');
INSERT INTO SYSCANVAS.T_DISTRITO (CODDPTO,CODPROV,CODDIST,DESDIST,VIGENTE) VALUES ('10','03','13','PACHAS','1');
INSERT INTO SYSCANVAS.T_DISTRITO (CODDPTO,CODPROV,CODDIST,DESDIST,VIGENTE) VALUES ('10','03','16','QUIVILLA','1');
INSERT INTO SYSCANVAS.T_DISTRITO (CODDPTO,CODPROV,CODDIST,DESDIST,VIGENTE) VALUES ('10','03','17','RIPAN','1');
INSERT INTO SYSCANVAS.T_DISTRITO (CODDPTO,CODPROV,CODDIST,DESDIST,VIGENTE) VALUES ('10','03','21','SHUNQUI','1');
INSERT INTO SYSCANVAS.T_DISTRITO (CODDPTO,CODPROV,CODDIST,DESDIST,VIGENTE) VALUES ('10','03','22','SILLAPATA','1');
INSERT INTO SYSCANVAS.T_DISTRITO (CODDPTO,CODPROV,CODDIST,DESDIST,VIGENTE) VALUES ('10','03','23','YANAS','1');
INSERT INTO SYSCANVAS.T_DISTRITO (CODDPTO,CODPROV,CODDIST,DESDIST,VIGENTE) VALUES ('10','04','01','HUACAYBAMBA','1');
INSERT INTO SYSCANVAS.T_DISTRITO (CODDPTO,CODPROV,CODDIST,DESDIST,VIGENTE) VALUES ('10','04','02','CANCHABAMBA','1');
INSERT INTO SYSCANVAS.T_DISTRITO (CODDPTO,CODPROV,CODDIST,DESDIST,VIGENTE) VALUES ('10','04','03','COCHABAMBA','1');
INSERT INTO SYSCANVAS.T_DISTRITO (CODDPTO,CODPROV,CODDIST,DESDIST,VIGENTE) VALUES ('10','04','04','PINRA','1');
INSERT INTO SYSCANVAS.T_DISTRITO (CODDPTO,CODPROV,CODDIST,DESDIST,VIGENTE) VALUES ('10','05','01','LLATA','1');
INSERT INTO SYSCANVAS.T_DISTRITO (CODDPTO,CODPROV,CODDIST,DESDIST,VIGENTE) VALUES ('10','05','02','ARANCAY','1');
INSERT INTO SYSCANVAS.T_DISTRITO (CODDPTO,CODPROV,CODDIST,DESDIST,VIGENTE) VALUES ('10','05','03','CHAVIN DE PARIARCA','1');
INSERT INTO SYSCANVAS.T_DISTRITO (CODDPTO,CODPROV,CODDIST,DESDIST,VIGENTE) VALUES ('10','05','04','JACAS GRANDE','1');
INSERT INTO SYSCANVAS.T_DISTRITO (CODDPTO,CODPROV,CODDIST,DESDIST,VIGENTE) VALUES ('10','05','05','JIRCAN','1');
INSERT INTO SYSCANVAS.T_DISTRITO (CODDPTO,CODPROV,CODDIST,DESDIST,VIGENTE) VALUES ('10','05','06','MIRAFLORES','1');
INSERT INTO SYSCANVAS.T_DISTRITO (CODDPTO,CODPROV,CODDIST,DESDIST,VIGENTE) VALUES ('10','05','07','MONZON','1');
INSERT INTO SYSCANVAS.T_DISTRITO (CODDPTO,CODPROV,CODDIST,DESDIST,VIGENTE) VALUES ('10','05','08','PUNCHAO','1');
INSERT INTO SYSCANVAS.T_DISTRITO (CODDPTO,CODPROV,CODDIST,DESDIST,VIGENTE) VALUES ('10','05','09','PUÑOS','1');
INSERT INTO SYSCANVAS.T_DISTRITO (CODDPTO,CODPROV,CODDIST,DESDIST,VIGENTE) VALUES ('10','05','10','SINGA','1');
INSERT INTO SYSCANVAS.T_DISTRITO (CODDPTO,CODPROV,CODDIST,DESDIST,VIGENTE) VALUES ('10','05','11','TANTAMAYO','1');
INSERT INTO SYSCANVAS.T_DISTRITO (CODDPTO,CODPROV,CODDIST,DESDIST,VIGENTE) VALUES ('10','06','01','RUPA-RUPA','1');
INSERT INTO SYSCANVAS.T_DISTRITO (CODDPTO,CODPROV,CODDIST,DESDIST,VIGENTE) VALUES ('10','06','02','DANIEL ALOMIA ROBLES','1');
INSERT INTO SYSCANVAS.T_DISTRITO (CODDPTO,CODPROV,CODDIST,DESDIST,VIGENTE) VALUES ('10','06','03','HERMILIO VALDIZAN','1');
INSERT INTO SYSCANVAS.T_DISTRITO (CODDPTO,CODPROV,CODDIST,DESDIST,VIGENTE) VALUES ('10','06','04','JOSE CRESPO Y CASTIL','1');
INSERT INTO SYSCANVAS.T_DISTRITO (CODDPTO,CODPROV,CODDIST,DESDIST,VIGENTE) VALUES ('10','06','05','LUYANDO','1');
INSERT INTO SYSCANVAS.T_DISTRITO (CODDPTO,CODPROV,CODDIST,DESDIST,VIGENTE) VALUES ('10','06','06','MARIANO DAMASO BERAU','1');
INSERT INTO SYSCANVAS.T_DISTRITO (CODDPTO,CODPROV,CODDIST,DESDIST,VIGENTE) VALUES ('10','07','01','HUACRACHUCO','1');
INSERT INTO SYSCANVAS.T_DISTRITO (CODDPTO,CODPROV,CODDIST,DESDIST,VIGENTE) VALUES ('10','07','02','CHOLON','1');
INSERT INTO SYSCANVAS.T_DISTRITO (CODDPTO,CODPROV,CODDIST,DESDIST,VIGENTE) VALUES ('10','07','03','SAN BUENAVENTURA','1');
INSERT INTO SYSCANVAS.T_DISTRITO (CODDPTO,CODPROV,CODDIST,DESDIST,VIGENTE) VALUES ('10','08','01','PANAO','1');
INSERT INTO SYSCANVAS.T_DISTRITO (CODDPTO,CODPROV,CODDIST,DESDIST,VIGENTE) VALUES ('10','08','02','CHAGLLA','1');
INSERT INTO SYSCANVAS.T_DISTRITO (CODDPTO,CODPROV,CODDIST,DESDIST,VIGENTE) VALUES ('10','08','03','MOLINO','1');
INSERT INTO SYSCANVAS.T_DISTRITO (CODDPTO,CODPROV,CODDIST,DESDIST,VIGENTE) VALUES ('10','08','04','UMARI','1');
INSERT INTO SYSCANVAS.T_DISTRITO (CODDPTO,CODPROV,CODDIST,DESDIST,VIGENTE) VALUES ('10','09','01','PUERTO INCA','1');
INSERT INTO SYSCANVAS.T_DISTRITO (CODDPTO,CODPROV,CODDIST,DESDIST,VIGENTE) VALUES ('10','09','02','CODO DEL POZUZO','1');
INSERT INTO SYSCANVAS.T_DISTRITO (CODDPTO,CODPROV,CODDIST,DESDIST,VIGENTE) VALUES ('10','09','03','HONORIA','1');
INSERT INTO SYSCANVAS.T_DISTRITO (CODDPTO,CODPROV,CODDIST,DESDIST,VIGENTE) VALUES ('10','09','04','TOURNAVISTA','1');
INSERT INTO SYSCANVAS.T_DISTRITO (CODDPTO,CODPROV,CODDIST,DESDIST,VIGENTE) VALUES ('10','09','05','YUYAPICHIS','1');
INSERT INTO SYSCANVAS.T_DISTRITO (CODDPTO,CODPROV,CODDIST,DESDIST,VIGENTE) VALUES ('10','10','01','JESUS','1');
INSERT INTO SYSCANVAS.T_DISTRITO (CODDPTO,CODPROV,CODDIST,DESDIST,VIGENTE) VALUES ('10','10','02','BAÑOS','1');
INSERT INTO SYSCANVAS.T_DISTRITO (CODDPTO,CODPROV,CODDIST,DESDIST,VIGENTE) VALUES ('10','10','03','JIVIA','1');
INSERT INTO SYSCANVAS.T_DISTRITO (CODDPTO,CODPROV,CODDIST,DESDIST,VIGENTE) VALUES ('10','10','04','QUEROPALCA','1');
INSERT INTO SYSCANVAS.T_DISTRITO (CODDPTO,CODPROV,CODDIST,DESDIST,VIGENTE) VALUES ('10','10','05','RONDOS','1');
INSERT INTO SYSCANVAS.T_DISTRITO (CODDPTO,CODPROV,CODDIST,DESDIST,VIGENTE) VALUES ('10','10','06','SAN FRANCISCO DE ASI','1');
INSERT INTO SYSCANVAS.T_DISTRITO (CODDPTO,CODPROV,CODDIST,DESDIST,VIGENTE) VALUES ('10','10','07','SAN MIGUEL DE CAURI','1');
INSERT INTO SYSCANVAS.T_DISTRITO (CODDPTO,CODPROV,CODDIST,DESDIST,VIGENTE) VALUES ('10','11','01','CHAVINILLO','1');
INSERT INTO SYSCANVAS.T_DISTRITO (CODDPTO,CODPROV,CODDIST,DESDIST,VIGENTE) VALUES ('10','11','02','CAHUAC','1');
INSERT INTO SYSCANVAS.T_DISTRITO (CODDPTO,CODPROV,CODDIST,DESDIST,VIGENTE) VALUES ('10','11','03','CHACABAMBA','1');
INSERT INTO SYSCANVAS.T_DISTRITO (CODDPTO,CODPROV,CODDIST,DESDIST,VIGENTE) VALUES ('10','11','04','APARICIO POMARES','1');
INSERT INTO SYSCANVAS.T_DISTRITO (CODDPTO,CODPROV,CODDIST,DESDIST,VIGENTE) VALUES ('10','11','05','JACAS CHICO','1');
INSERT INTO SYSCANVAS.T_DISTRITO (CODDPTO,CODPROV,CODDIST,DESDIST,VIGENTE) VALUES ('10','11','06','OBAS','1');
INSERT INTO SYSCANVAS.T_DISTRITO (CODDPTO,CODPROV,CODDIST,DESDIST,VIGENTE) VALUES ('10','11','07','PAMPAMARCA','1');
INSERT INTO SYSCANVAS.T_DISTRITO (CODDPTO,CODPROV,CODDIST,DESDIST,VIGENTE) VALUES ('10','11','08','CHORAS','1');
INSERT INTO SYSCANVAS.T_DISTRITO (CODDPTO,CODPROV,CODDIST,DESDIST,VIGENTE) VALUES ('11','01','01','ICA','1');
INSERT INTO SYSCANVAS.T_DISTRITO (CODDPTO,CODPROV,CODDIST,DESDIST,VIGENTE) VALUES ('11','01','02','LA TINGUIÑA','1');
INSERT INTO SYSCANVAS.T_DISTRITO (CODDPTO,CODPROV,CODDIST,DESDIST,VIGENTE) VALUES ('11','01','03','LOS AQUIJES','1');
INSERT INTO SYSCANVAS.T_DISTRITO (CODDPTO,CODPROV,CODDIST,DESDIST,VIGENTE) VALUES ('11','01','04','OCUCAJE','1');
INSERT INTO SYSCANVAS.T_DISTRITO (CODDPTO,CODPROV,CODDIST,DESDIST,VIGENTE) VALUES ('11','01','05','PACHACUTEC','1');
INSERT INTO SYSCANVAS.T_DISTRITO (CODDPTO,CODPROV,CODDIST,DESDIST,VIGENTE) VALUES ('11','01','06','PARCONA','1');
INSERT INTO SYSCANVAS.T_DISTRITO (CODDPTO,CODPROV,CODDIST,DESDIST,VIGENTE) VALUES ('11','01','07','PUEBLO NUEVO','1');
INSERT INTO SYSCANVAS.T_DISTRITO (CODDPTO,CODPROV,CODDIST,DESDIST,VIGENTE) VALUES ('11','01','08','SALAS','1');
INSERT INTO SYSCANVAS.T_DISTRITO (CODDPTO,CODPROV,CODDIST,DESDIST,VIGENTE) VALUES ('11','01','09','SAN JOSE DE LOS MOLI','1');
INSERT INTO SYSCANVAS.T_DISTRITO (CODDPTO,CODPROV,CODDIST,DESDIST,VIGENTE) VALUES ('11','01','10','SAN JUAN BAUTISTA','1');
INSERT INTO SYSCANVAS.T_DISTRITO (CODDPTO,CODPROV,CODDIST,DESDIST,VIGENTE) VALUES ('11','01','11','SANTIAGO','1');
INSERT INTO SYSCANVAS.T_DISTRITO (CODDPTO,CODPROV,CODDIST,DESDIST,VIGENTE) VALUES ('11','01','12','SUBTANJALLA','1');
INSERT INTO SYSCANVAS.T_DISTRITO (CODDPTO,CODPROV,CODDIST,DESDIST,VIGENTE) VALUES ('11','01','13','TATE','1');
INSERT INTO SYSCANVAS.T_DISTRITO (CODDPTO,CODPROV,CODDIST,DESDIST,VIGENTE) VALUES ('11','01','14','YAUCA DEL ROSARIO','1');
INSERT INTO SYSCANVAS.T_DISTRITO (CODDPTO,CODPROV,CODDIST,DESDIST,VIGENTE) VALUES ('11','02','01','CHINCHA ALTA','1');
INSERT INTO SYSCANVAS.T_DISTRITO (CODDPTO,CODPROV,CODDIST,DESDIST,VIGENTE) VALUES ('11','02','02','ALTO LARAN','1');
INSERT INTO SYSCANVAS.T_DISTRITO (CODDPTO,CODPROV,CODDIST,DESDIST,VIGENTE) VALUES ('11','02','03','CHAVIN','1');
INSERT INTO SYSCANVAS.T_DISTRITO (CODDPTO,CODPROV,CODDIST,DESDIST,VIGENTE) VALUES ('11','02','04','CHINCHA BAJA','1');
INSERT INTO SYSCANVAS.T_DISTRITO (CODDPTO,CODPROV,CODDIST,DESDIST,VIGENTE) VALUES ('11','02','05','EL CARMEN','1');
INSERT INTO SYSCANVAS.T_DISTRITO (CODDPTO,CODPROV,CODDIST,DESDIST,VIGENTE) VALUES ('11','02','06','GROCIO PRADO','1');
INSERT INTO SYSCANVAS.T_DISTRITO (CODDPTO,CODPROV,CODDIST,DESDIST,VIGENTE) VALUES ('11','02','07','PUEBLO NUEVO','1');
INSERT INTO SYSCANVAS.T_DISTRITO (CODDPTO,CODPROV,CODDIST,DESDIST,VIGENTE) VALUES ('11','02','08','SAN JUAN DE YANAC','1');
INSERT INTO SYSCANVAS.T_DISTRITO (CODDPTO,CODPROV,CODDIST,DESDIST,VIGENTE) VALUES ('11','02','09','SAN PEDRO DE HUACARP','1');
INSERT INTO SYSCANVAS.T_DISTRITO (CODDPTO,CODPROV,CODDIST,DESDIST,VIGENTE) VALUES ('11','02','10','SUNAMPE','1');
INSERT INTO SYSCANVAS.T_DISTRITO (CODDPTO,CODPROV,CODDIST,DESDIST,VIGENTE) VALUES ('11','02','11','TAMBO DE MORA','1');
INSERT INTO SYSCANVAS.T_DISTRITO (CODDPTO,CODPROV,CODDIST,DESDIST,VIGENTE) VALUES ('11','03','01','NAZCA','1');
INSERT INTO SYSCANVAS.T_DISTRITO (CODDPTO,CODPROV,CODDIST,DESDIST,VIGENTE) VALUES ('11','03','02','CHANGUILLO','1');
INSERT INTO SYSCANVAS.T_DISTRITO (CODDPTO,CODPROV,CODDIST,DESDIST,VIGENTE) VALUES ('11','03','03','EL INGENIO','1');
INSERT INTO SYSCANVAS.T_DISTRITO (CODDPTO,CODPROV,CODDIST,DESDIST,VIGENTE) VALUES ('11','03','04','MARCONA','1');
INSERT INTO SYSCANVAS.T_DISTRITO (CODDPTO,CODPROV,CODDIST,DESDIST,VIGENTE) VALUES ('11','03','05','VISTA ALEGRE','1');
INSERT INTO SYSCANVAS.T_DISTRITO (CODDPTO,CODPROV,CODDIST,DESDIST,VIGENTE) VALUES ('11','04','01','PALPA','1');
INSERT INTO SYSCANVAS.T_DISTRITO (CODDPTO,CODPROV,CODDIST,DESDIST,VIGENTE) VALUES ('11','04','02','LLIPATA','1');
INSERT INTO SYSCANVAS.T_DISTRITO (CODDPTO,CODPROV,CODDIST,DESDIST,VIGENTE) VALUES ('11','04','03','RIO GRANDE','1');
INSERT INTO SYSCANVAS.T_DISTRITO (CODDPTO,CODPROV,CODDIST,DESDIST,VIGENTE) VALUES ('11','04','04','SANTA CRUZ','1');
INSERT INTO SYSCANVAS.T_DISTRITO (CODDPTO,CODPROV,CODDIST,DESDIST,VIGENTE) VALUES ('11','04','05','TIBILLO','1');
INSERT INTO SYSCANVAS.T_DISTRITO (CODDPTO,CODPROV,CODDIST,DESDIST,VIGENTE) VALUES ('11','05','01','PISCO','1');
INSERT INTO SYSCANVAS.T_DISTRITO (CODDPTO,CODPROV,CODDIST,DESDIST,VIGENTE) VALUES ('11','05','02','HUANCANO','1');
INSERT INTO SYSCANVAS.T_DISTRITO (CODDPTO,CODPROV,CODDIST,DESDIST,VIGENTE) VALUES ('11','05','03','HUMAY','1');
INSERT INTO SYSCANVAS.T_DISTRITO (CODDPTO,CODPROV,CODDIST,DESDIST,VIGENTE) VALUES ('11','05','04','INDEPENDENCIA','1');
INSERT INTO SYSCANVAS.T_DISTRITO (CODDPTO,CODPROV,CODDIST,DESDIST,VIGENTE) VALUES ('11','05','05','PARACAS','1');
INSERT INTO SYSCANVAS.T_DISTRITO (CODDPTO,CODPROV,CODDIST,DESDIST,VIGENTE) VALUES ('11','05','06','SAN ANDRES','1');
INSERT INTO SYSCANVAS.T_DISTRITO (CODDPTO,CODPROV,CODDIST,DESDIST,VIGENTE) VALUES ('11','05','07','SAN CLEMENTE','1');
INSERT INTO SYSCANVAS.T_DISTRITO (CODDPTO,CODPROV,CODDIST,DESDIST,VIGENTE) VALUES ('11','05','08','TUPAC AMARU INCA','1');
INSERT INTO SYSCANVAS.T_DISTRITO (CODDPTO,CODPROV,CODDIST,DESDIST,VIGENTE) VALUES ('12','01','01','HUANCAYO','1');
INSERT INTO SYSCANVAS.T_DISTRITO (CODDPTO,CODPROV,CODDIST,DESDIST,VIGENTE) VALUES ('12','01','04','CARHUACALLANGA','1');
INSERT INTO SYSCANVAS.T_DISTRITO (CODDPTO,CODPROV,CODDIST,DESDIST,VIGENTE) VALUES ('12','01','05','CHACAPAMPA','1');
INSERT INTO SYSCANVAS.T_DISTRITO (CODDPTO,CODPROV,CODDIST,DESDIST,VIGENTE) VALUES ('12','01','06','CHICCHE','1');
INSERT INTO SYSCANVAS.T_DISTRITO (CODDPTO,CODPROV,CODDIST,DESDIST,VIGENTE) VALUES ('12','01','07','CHILCA','1');
INSERT INTO SYSCANVAS.T_DISTRITO (CODDPTO,CODPROV,CODDIST,DESDIST,VIGENTE) VALUES ('12','01','08','CHONGOS ALTO','1');
INSERT INTO SYSCANVAS.T_DISTRITO (CODDPTO,CODPROV,CODDIST,DESDIST,VIGENTE) VALUES ('12','01','11','CHUPURO','1');
INSERT INTO SYSCANVAS.T_DISTRITO (CODDPTO,CODPROV,CODDIST,DESDIST,VIGENTE) VALUES ('12','01','12','COLCA','1');
INSERT INTO SYSCANVAS.T_DISTRITO (CODDPTO,CODPROV,CODDIST,DESDIST,VIGENTE) VALUES ('12','01','13','CULLHUAS','1');
INSERT INTO SYSCANVAS.T_DISTRITO (CODDPTO,CODPROV,CODDIST,DESDIST,VIGENTE) VALUES ('12','01','14','EL TAMBO','1');
INSERT INTO SYSCANVAS.T_DISTRITO (CODDPTO,CODPROV,CODDIST,DESDIST,VIGENTE) VALUES ('12','01','16','HUACRAPUQUIO','1');
INSERT INTO SYSCANVAS.T_DISTRITO (CODDPTO,CODPROV,CODDIST,DESDIST,VIGENTE) VALUES ('12','01','17','HUALHUAS','1');
INSERT INTO SYSCANVAS.T_DISTRITO (CODDPTO,CODPROV,CODDIST,DESDIST,VIGENTE) VALUES ('12','01','19','HUANCAN','1');
INSERT INTO SYSCANVAS.T_DISTRITO (CODDPTO,CODPROV,CODDIST,DESDIST,VIGENTE) VALUES ('12','01','20','HUASICANCHA','1');
INSERT INTO SYSCANVAS.T_DISTRITO (CODDPTO,CODPROV,CODDIST,DESDIST,VIGENTE) VALUES ('12','01','21','HUAYUCACHI','1');
INSERT INTO SYSCANVAS.T_DISTRITO (CODDPTO,CODPROV,CODDIST,DESDIST,VIGENTE) VALUES ('12','01','22','INGENIO','1');
INSERT INTO SYSCANVAS.T_DISTRITO (CODDPTO,CODPROV,CODDIST,DESDIST,VIGENTE) VALUES ('12','01','24','PARIAHUANCA','1');
INSERT INTO SYSCANVAS.T_DISTRITO (CODDPTO,CODPROV,CODDIST,DESDIST,VIGENTE) VALUES ('12','01','25','PILCOMAYO','1');
INSERT INTO SYSCANVAS.T_DISTRITO (CODDPTO,CODPROV,CODDIST,DESDIST,VIGENTE) VALUES ('12','01','26','PUCARA','1');
INSERT INTO SYSCANVAS.T_DISTRITO (CODDPTO,CODPROV,CODDIST,DESDIST,VIGENTE) VALUES ('12','01','27','QUICHUAY','1');
INSERT INTO SYSCANVAS.T_DISTRITO (CODDPTO,CODPROV,CODDIST,DESDIST,VIGENTE) VALUES ('12','01','28','QUILCAS','1');
INSERT INTO SYSCANVAS.T_DISTRITO (CODDPTO,CODPROV,CODDIST,DESDIST,VIGENTE) VALUES ('12','01','29','SAN AGUSTIN','1');
INSERT INTO SYSCANVAS.T_DISTRITO (CODDPTO,CODPROV,CODDIST,DESDIST,VIGENTE) VALUES ('12','01','30','SAN JERONIMO DE TUNA','1');
INSERT INTO SYSCANVAS.T_DISTRITO (CODDPTO,CODPROV,CODDIST,DESDIST,VIGENTE) VALUES ('12','01','32','SAÑO','1');
INSERT INTO SYSCANVAS.T_DISTRITO (CODDPTO,CODPROV,CODDIST,DESDIST,VIGENTE) VALUES ('12','01','33','SAPALLANGA','1');
INSERT INTO SYSCANVAS.T_DISTRITO (CODDPTO,CODPROV,CODDIST,DESDIST,VIGENTE) VALUES ('12','01','34','SICAYA','1');
INSERT INTO SYSCANVAS.T_DISTRITO (CODDPTO,CODPROV,CODDIST,DESDIST,VIGENTE) VALUES ('12','01','35','SANTO DOMINGO DE ACO','1');
INSERT INTO SYSCANVAS.T_DISTRITO (CODDPTO,CODPROV,CODDIST,DESDIST,VIGENTE) VALUES ('12','01','36','VIQUES','1');
INSERT INTO SYSCANVAS.T_DISTRITO (CODDPTO,CODPROV,CODDIST,DESDIST,VIGENTE) VALUES ('12','02','01','CONCEPCION','1');
INSERT INTO SYSCANVAS.T_DISTRITO (CODDPTO,CODPROV,CODDIST,DESDIST,VIGENTE) VALUES ('12','02','02','ACO','1');
INSERT INTO SYSCANVAS.T_DISTRITO (CODDPTO,CODPROV,CODDIST,DESDIST,VIGENTE) VALUES ('12','02','03','ANDAMARCA','1');
INSERT INTO SYSCANVAS.T_DISTRITO (CODDPTO,CODPROV,CODDIST,DESDIST,VIGENTE) VALUES ('12','02','04','CHAMBARA','1');
INSERT INTO SYSCANVAS.T_DISTRITO (CODDPTO,CODPROV,CODDIST,DESDIST,VIGENTE) VALUES ('12','02','05','COCHAS','1');
INSERT INTO SYSCANVAS.T_DISTRITO (CODDPTO,CODPROV,CODDIST,DESDIST,VIGENTE) VALUES ('12','02','06','COMAS','1');
INSERT INTO SYSCANVAS.T_DISTRITO (CODDPTO,CODPROV,CODDIST,DESDIST,VIGENTE) VALUES ('12','02','07','HEROINAS TOLEDO','1');
INSERT INTO SYSCANVAS.T_DISTRITO (CODDPTO,CODPROV,CODDIST,DESDIST,VIGENTE) VALUES ('12','02','08','MANZANARES','1');
INSERT INTO SYSCANVAS.T_DISTRITO (CODDPTO,CODPROV,CODDIST,DESDIST,VIGENTE) VALUES ('12','02','09','MARISCAL CASTILLA','1');
INSERT INTO SYSCANVAS.T_DISTRITO (CODDPTO,CODPROV,CODDIST,DESDIST,VIGENTE) VALUES ('12','02','10','MATAHUASI','1');
INSERT INTO SYSCANVAS.T_DISTRITO (CODDPTO,CODPROV,CODDIST,DESDIST,VIGENTE) VALUES ('12','02','11','MITO','1');
INSERT INTO SYSCANVAS.T_DISTRITO (CODDPTO,CODPROV,CODDIST,DESDIST,VIGENTE) VALUES ('12','02','12','NUEVE DE JULIO','1');
INSERT INTO SYSCANVAS.T_DISTRITO (CODDPTO,CODPROV,CODDIST,DESDIST,VIGENTE) VALUES ('12','02','13','ORCOTUNA','1');
INSERT INTO SYSCANVAS.T_DISTRITO (CODDPTO,CODPROV,CODDIST,DESDIST,VIGENTE) VALUES ('12','02','14','SAN JOSE DE QUERO','1');
INSERT INTO SYSCANVAS.T_DISTRITO (CODDPTO,CODPROV,CODDIST,DESDIST,VIGENTE) VALUES ('12','02','15','SANTA ROSA DE OCOPA','1');
INSERT INTO SYSCANVAS.T_DISTRITO (CODDPTO,CODPROV,CODDIST,DESDIST,VIGENTE) VALUES ('12','03','01','CHANCHAMAYO','1');
INSERT INTO SYSCANVAS.T_DISTRITO (CODDPTO,CODPROV,CODDIST,DESDIST,VIGENTE) VALUES ('12','03','02','PERENE','1');
INSERT INTO SYSCANVAS.T_DISTRITO (CODDPTO,CODPROV,CODDIST,DESDIST,VIGENTE) VALUES ('12','03','03','PICHANAQUI','1');
INSERT INTO SYSCANVAS.T_DISTRITO (CODDPTO,CODPROV,CODDIST,DESDIST,VIGENTE) VALUES ('12','03','04','SAN LUIS DE SHUARO','1');
INSERT INTO SYSCANVAS.T_DISTRITO (CODDPTO,CODPROV,CODDIST,DESDIST,VIGENTE) VALUES ('12','03','05','SAN RAMON','1');
INSERT INTO SYSCANVAS.T_DISTRITO (CODDPTO,CODPROV,CODDIST,DESDIST,VIGENTE) VALUES ('12','03','06','VITOC','1');
INSERT INTO SYSCANVAS.T_DISTRITO (CODDPTO,CODPROV,CODDIST,DESDIST,VIGENTE) VALUES ('12','04','01','JAUJA','1');
INSERT INTO SYSCANVAS.T_DISTRITO (CODDPTO,CODPROV,CODDIST,DESDIST,VIGENTE) VALUES ('12','04','02','ACOLLA','1');
INSERT INTO SYSCANVAS.T_DISTRITO (CODDPTO,CODPROV,CODDIST,DESDIST,VIGENTE) VALUES ('12','04','03','APATA','1');
INSERT INTO SYSCANVAS.T_DISTRITO (CODDPTO,CODPROV,CODDIST,DESDIST,VIGENTE) VALUES ('12','04','04','ATAURA','1');
INSERT INTO SYSCANVAS.T_DISTRITO (CODDPTO,CODPROV,CODDIST,DESDIST,VIGENTE) VALUES ('12','04','05','CANCHAYLLO','1');
INSERT INTO SYSCANVAS.T_DISTRITO (CODDPTO,CODPROV,CODDIST,DESDIST,VIGENTE) VALUES ('12','04','06','CURICACA','1');
INSERT INTO SYSCANVAS.T_DISTRITO (CODDPTO,CODPROV,CODDIST,DESDIST,VIGENTE) VALUES ('12','04','07','EL MANTARO','1');
INSERT INTO SYSCANVAS.T_DISTRITO (CODDPTO,CODPROV,CODDIST,DESDIST,VIGENTE) VALUES ('12','04','08','HUAMALI','1');
INSERT INTO SYSCANVAS.T_DISTRITO (CODDPTO,CODPROV,CODDIST,DESDIST,VIGENTE) VALUES ('12','04','09','HUARIPAMPA','1');
INSERT INTO SYSCANVAS.T_DISTRITO (CODDPTO,CODPROV,CODDIST,DESDIST,VIGENTE) VALUES ('12','04','10','HUERTAS','1');
INSERT INTO SYSCANVAS.T_DISTRITO (CODDPTO,CODPROV,CODDIST,DESDIST,VIGENTE) VALUES ('12','04','11','JANJAILLO','1');
INSERT INTO SYSCANVAS.T_DISTRITO (CODDPTO,CODPROV,CODDIST,DESDIST,VIGENTE) VALUES ('12','04','12','JULCAN','1');
INSERT INTO SYSCANVAS.T_DISTRITO (CODDPTO,CODPROV,CODDIST,DESDIST,VIGENTE) VALUES ('12','04','13','LEONOR ORDOÑEZ','1');
INSERT INTO SYSCANVAS.T_DISTRITO (CODDPTO,CODPROV,CODDIST,DESDIST,VIGENTE) VALUES ('12','04','14','LLOCLLAPAMPA','1');
INSERT INTO SYSCANVAS.T_DISTRITO (CODDPTO,CODPROV,CODDIST,DESDIST,VIGENTE) VALUES ('12','04','15','MARCO','1');
INSERT INTO SYSCANVAS.T_DISTRITO (CODDPTO,CODPROV,CODDIST,DESDIST,VIGENTE) VALUES ('12','04','16','MASMA','1');
INSERT INTO SYSCANVAS.T_DISTRITO (CODDPTO,CODPROV,CODDIST,DESDIST,VIGENTE) VALUES ('12','04','17','MASMA CHICCHE','1');
INSERT INTO SYSCANVAS.T_DISTRITO (CODDPTO,CODPROV,CODDIST,DESDIST,VIGENTE) VALUES ('12','04','18','MOLINOS','1');
INSERT INTO SYSCANVAS.T_DISTRITO (CODDPTO,CODPROV,CODDIST,DESDIST,VIGENTE) VALUES ('12','04','19','MONOBAMBA','1');
INSERT INTO SYSCANVAS.T_DISTRITO (CODDPTO,CODPROV,CODDIST,DESDIST,VIGENTE) VALUES ('12','04','20','MUQUI','1');
INSERT INTO SYSCANVAS.T_DISTRITO (CODDPTO,CODPROV,CODDIST,DESDIST,VIGENTE) VALUES ('12','04','21','MUQUIYAUYO','1');
INSERT INTO SYSCANVAS.T_DISTRITO (CODDPTO,CODPROV,CODDIST,DESDIST,VIGENTE) VALUES ('12','04','22','PACA','1');
INSERT INTO SYSCANVAS.T_DISTRITO (CODDPTO,CODPROV,CODDIST,DESDIST,VIGENTE) VALUES ('12','04','23','PACCHA','1');
INSERT INTO SYSCANVAS.T_DISTRITO (CODDPTO,CODPROV,CODDIST,DESDIST,VIGENTE) VALUES ('12','04','24','PANCAN','1');
INSERT INTO SYSCANVAS.T_DISTRITO (CODDPTO,CODPROV,CODDIST,DESDIST,VIGENTE) VALUES ('12','04','25','PARCO','1');
INSERT INTO SYSCANVAS.T_DISTRITO (CODDPTO,CODPROV,CODDIST,DESDIST,VIGENTE) VALUES ('12','04','26','POMACANCHA','1');
INSERT INTO SYSCANVAS.T_DISTRITO (CODDPTO,CODPROV,CODDIST,DESDIST,VIGENTE) VALUES ('12','04','27','RICRAN','1');
INSERT INTO SYSCANVAS.T_DISTRITO (CODDPTO,CODPROV,CODDIST,DESDIST,VIGENTE) VALUES ('12','04','28','SAN LORENZO','1');
INSERT INTO SYSCANVAS.T_DISTRITO (CODDPTO,CODPROV,CODDIST,DESDIST,VIGENTE) VALUES ('12','04','29','SAN PEDRO DE CHUNAN','1');
INSERT INTO SYSCANVAS.T_DISTRITO (CODDPTO,CODPROV,CODDIST,DESDIST,VIGENTE) VALUES ('12','04','30','SAUSA','1');
INSERT INTO SYSCANVAS.T_DISTRITO (CODDPTO,CODPROV,CODDIST,DESDIST,VIGENTE) VALUES ('12','04','31','SINCOS','1');
INSERT INTO SYSCANVAS.T_DISTRITO (CODDPTO,CODPROV,CODDIST,DESDIST,VIGENTE) VALUES ('12','04','32','TUNAN MARCA','1');
INSERT INTO SYSCANVAS.T_DISTRITO (CODDPTO,CODPROV,CODDIST,DESDIST,VIGENTE) VALUES ('12','04','33','YAULI','1');
INSERT INTO SYSCANVAS.T_DISTRITO (CODDPTO,CODPROV,CODDIST,DESDIST,VIGENTE) VALUES ('12','04','34','YAUYOS','1');
INSERT INTO SYSCANVAS.T_DISTRITO (CODDPTO,CODPROV,CODDIST,DESDIST,VIGENTE) VALUES ('12','05','01','JUNIN','1');
INSERT INTO SYSCANVAS.T_DISTRITO (CODDPTO,CODPROV,CODDIST,DESDIST,VIGENTE) VALUES ('12','05','02','CARHUAMAYO','1');
INSERT INTO SYSCANVAS.T_DISTRITO (CODDPTO,CODPROV,CODDIST,DESDIST,VIGENTE) VALUES ('12','05','03','ONDORES','1');
INSERT INTO SYSCANVAS.T_DISTRITO (CODDPTO,CODPROV,CODDIST,DESDIST,VIGENTE) VALUES ('12','05','04','ULCUMAYO','1');
INSERT INTO SYSCANVAS.T_DISTRITO (CODDPTO,CODPROV,CODDIST,DESDIST,VIGENTE) VALUES ('12','06','01','SATIPO','1');
INSERT INTO SYSCANVAS.T_DISTRITO (CODDPTO,CODPROV,CODDIST,DESDIST,VIGENTE) VALUES ('12','06','02','COVIRIALI','1');
INSERT INTO SYSCANVAS.T_DISTRITO (CODDPTO,CODPROV,CODDIST,DESDIST,VIGENTE) VALUES ('12','06','03','LLAYLLA','1');
INSERT INTO SYSCANVAS.T_DISTRITO (CODDPTO,CODPROV,CODDIST,DESDIST,VIGENTE) VALUES ('12','06','04','MAZAMARI','1');
INSERT INTO SYSCANVAS.T_DISTRITO (CODDPTO,CODPROV,CODDIST,DESDIST,VIGENTE) VALUES ('12','06','05','PAMPA HERMOSA','1');
INSERT INTO SYSCANVAS.T_DISTRITO (CODDPTO,CODPROV,CODDIST,DESDIST,VIGENTE) VALUES ('12','06','06','PANGOA','1');
INSERT INTO SYSCANVAS.T_DISTRITO (CODDPTO,CODPROV,CODDIST,DESDIST,VIGENTE) VALUES ('12','06','07','RIO NEGRO','1');
INSERT INTO SYSCANVAS.T_DISTRITO (CODDPTO,CODPROV,CODDIST,DESDIST,VIGENTE) VALUES ('12','06','08','RIO TAMBO','1');
INSERT INTO SYSCANVAS.T_DISTRITO (CODDPTO,CODPROV,CODDIST,DESDIST,VIGENTE) VALUES ('12','07','01','TARMA','1');
INSERT INTO SYSCANVAS.T_DISTRITO (CODDPTO,CODPROV,CODDIST,DESDIST,VIGENTE) VALUES ('12','07','02','ACOBAMBA','1');
INSERT INTO SYSCANVAS.T_DISTRITO (CODDPTO,CODPROV,CODDIST,DESDIST,VIGENTE) VALUES ('12','07','03','HUARICOLCA','1');
INSERT INTO SYSCANVAS.T_DISTRITO (CODDPTO,CODPROV,CODDIST,DESDIST,VIGENTE) VALUES ('12','07','04','HUASAHUASI','1');
INSERT INTO SYSCANVAS.T_DISTRITO (CODDPTO,CODPROV,CODDIST,DESDIST,VIGENTE) VALUES ('12','07','05','LA UNION','1');
INSERT INTO SYSCANVAS.T_DISTRITO (CODDPTO,CODPROV,CODDIST,DESDIST,VIGENTE) VALUES ('12','07','06','PALCA','1');
INSERT INTO SYSCANVAS.T_DISTRITO (CODDPTO,CODPROV,CODDIST,DESDIST,VIGENTE) VALUES ('12','07','07','PALCAMAYO','1');
INSERT INTO SYSCANVAS.T_DISTRITO (CODDPTO,CODPROV,CODDIST,DESDIST,VIGENTE) VALUES ('12','07','08','SAN PEDRO DE CAJAS','1');
INSERT INTO SYSCANVAS.T_DISTRITO (CODDPTO,CODPROV,CODDIST,DESDIST,VIGENTE) VALUES ('12','07','09','TAPO','1');
INSERT INTO SYSCANVAS.T_DISTRITO (CODDPTO,CODPROV,CODDIST,DESDIST,VIGENTE) VALUES ('12','08','01','LA OROYA','1');
INSERT INTO SYSCANVAS.T_DISTRITO (CODDPTO,CODPROV,CODDIST,DESDIST,VIGENTE) VALUES ('12','08','02','CHACAPALPA','1');
INSERT INTO SYSCANVAS.T_DISTRITO (CODDPTO,CODPROV,CODDIST,DESDIST,VIGENTE) VALUES ('12','08','03','HUAY-HUAY','1');
INSERT INTO SYSCANVAS.T_DISTRITO (CODDPTO,CODPROV,CODDIST,DESDIST,VIGENTE) VALUES ('12','08','04','MARCAPOMACOCHA','1');
INSERT INTO SYSCANVAS.T_DISTRITO (CODDPTO,CODPROV,CODDIST,DESDIST,VIGENTE) VALUES ('12','08','05','MOROCOCHA','1');
INSERT INTO SYSCANVAS.T_DISTRITO (CODDPTO,CODPROV,CODDIST,DESDIST,VIGENTE) VALUES ('12','08','06','PACCHA','1');
INSERT INTO SYSCANVAS.T_DISTRITO (CODDPTO,CODPROV,CODDIST,DESDIST,VIGENTE) VALUES ('12','08','07','SANTA BARBARA DE CAR','1');
INSERT INTO SYSCANVAS.T_DISTRITO (CODDPTO,CODPROV,CODDIST,DESDIST,VIGENTE) VALUES ('12','08','08','SANTA ROSA DE SACCO','1');
INSERT INTO SYSCANVAS.T_DISTRITO (CODDPTO,CODPROV,CODDIST,DESDIST,VIGENTE) VALUES ('12','08','09','SUITUCANCHA','1');
INSERT INTO SYSCANVAS.T_DISTRITO (CODDPTO,CODPROV,CODDIST,DESDIST,VIGENTE) VALUES ('12','08','10','YAULI','1');
INSERT INTO SYSCANVAS.T_DISTRITO (CODDPTO,CODPROV,CODDIST,DESDIST,VIGENTE) VALUES ('12','09','01','CHUPACA','1');
INSERT INTO SYSCANVAS.T_DISTRITO (CODDPTO,CODPROV,CODDIST,DESDIST,VIGENTE) VALUES ('12','09','02','AHUAC','1');
INSERT INTO SYSCANVAS.T_DISTRITO (CODDPTO,CODPROV,CODDIST,DESDIST,VIGENTE) VALUES ('12','09','03','CHONGOS BAJO','1');
INSERT INTO SYSCANVAS.T_DISTRITO (CODDPTO,CODPROV,CODDIST,DESDIST,VIGENTE) VALUES ('12','09','04','HUACHAC','1');
INSERT INTO SYSCANVAS.T_DISTRITO (CODDPTO,CODPROV,CODDIST,DESDIST,VIGENTE) VALUES ('12','09','05','HUAMANCACA CHICO','1');
INSERT INTO SYSCANVAS.T_DISTRITO (CODDPTO,CODPROV,CODDIST,DESDIST,VIGENTE) VALUES ('12','09','06','SAN JUAN DE ISCOS','1');
INSERT INTO SYSCANVAS.T_DISTRITO (CODDPTO,CODPROV,CODDIST,DESDIST,VIGENTE) VALUES ('12','09','07','SAN JUAN DE JARPA','1');
INSERT INTO SYSCANVAS.T_DISTRITO (CODDPTO,CODPROV,CODDIST,DESDIST,VIGENTE) VALUES ('12','09','08','TRES DE DICIEMBRE','1');
INSERT INTO SYSCANVAS.T_DISTRITO (CODDPTO,CODPROV,CODDIST,DESDIST,VIGENTE) VALUES ('12','09','09','YANACANCHA','1');
INSERT INTO SYSCANVAS.T_DISTRITO (CODDPTO,CODPROV,CODDIST,DESDIST,VIGENTE) VALUES ('13','01','01','TRUJILLO','1');
INSERT INTO SYSCANVAS.T_DISTRITO (CODDPTO,CODPROV,CODDIST,DESDIST,VIGENTE) VALUES ('13','01','02','EL PORVENIR','1');
INSERT INTO SYSCANVAS.T_DISTRITO (CODDPTO,CODPROV,CODDIST,DESDIST,VIGENTE) VALUES ('13','01','03','FLORENCIA DE MORA','1');
INSERT INTO SYSCANVAS.T_DISTRITO (CODDPTO,CODPROV,CODDIST,DESDIST,VIGENTE) VALUES ('13','01','04','HUANCHACO','1');
INSERT INTO SYSCANVAS.T_DISTRITO (CODDPTO,CODPROV,CODDIST,DESDIST,VIGENTE) VALUES ('13','01','05','LA ESPERANZA','1');
INSERT INTO SYSCANVAS.T_DISTRITO (CODDPTO,CODPROV,CODDIST,DESDIST,VIGENTE) VALUES ('13','01','06','LAREDO','1');
INSERT INTO SYSCANVAS.T_DISTRITO (CODDPTO,CODPROV,CODDIST,DESDIST,VIGENTE) VALUES ('13','01','07','MOCHE','1');
INSERT INTO SYSCANVAS.T_DISTRITO (CODDPTO,CODPROV,CODDIST,DESDIST,VIGENTE) VALUES ('13','01','08','POROTO','1');
INSERT INTO SYSCANVAS.T_DISTRITO (CODDPTO,CODPROV,CODDIST,DESDIST,VIGENTE) VALUES ('13','01','09','SALAVERRY','1');
INSERT INTO SYSCANVAS.T_DISTRITO (CODDPTO,CODPROV,CODDIST,DESDIST,VIGENTE) VALUES ('13','01','10','SIMBAL','1');
INSERT INTO SYSCANVAS.T_DISTRITO (CODDPTO,CODPROV,CODDIST,DESDIST,VIGENTE) VALUES ('13','01','11','VICTOR LARCO HERRERA','1');
INSERT INTO SYSCANVAS.T_DISTRITO (CODDPTO,CODPROV,CODDIST,DESDIST,VIGENTE) VALUES ('13','02','01','ASCOPE','1');
INSERT INTO SYSCANVAS.T_DISTRITO (CODDPTO,CODPROV,CODDIST,DESDIST,VIGENTE) VALUES ('13','02','02','CHICAMA','1');
INSERT INTO SYSCANVAS.T_DISTRITO (CODDPTO,CODPROV,CODDIST,DESDIST,VIGENTE) VALUES ('13','02','03','CHOCOPE','1');
INSERT INTO SYSCANVAS.T_DISTRITO (CODDPTO,CODPROV,CODDIST,DESDIST,VIGENTE) VALUES ('13','02','04','MAGDALENA DE CAO','1');
INSERT INTO SYSCANVAS.T_DISTRITO (CODDPTO,CODPROV,CODDIST,DESDIST,VIGENTE) VALUES ('13','02','05','PAIJAN','1');
INSERT INTO SYSCANVAS.T_DISTRITO (CODDPTO,CODPROV,CODDIST,DESDIST,VIGENTE) VALUES ('13','02','06','RAZURI','1');
INSERT INTO SYSCANVAS.T_DISTRITO (CODDPTO,CODPROV,CODDIST,DESDIST,VIGENTE) VALUES ('13','02','07','SANTIAGO DE CAO','1');
INSERT INTO SYSCANVAS.T_DISTRITO (CODDPTO,CODPROV,CODDIST,DESDIST,VIGENTE) VALUES ('13','02','08','CASA GRANDE','1');
INSERT INTO SYSCANVAS.T_DISTRITO (CODDPTO,CODPROV,CODDIST,DESDIST,VIGENTE) VALUES ('13','03','01','BOLIVAR','1');
INSERT INTO SYSCANVAS.T_DISTRITO (CODDPTO,CODPROV,CODDIST,DESDIST,VIGENTE) VALUES ('13','03','02','BAMBAMARCA','1');
INSERT INTO SYSCANVAS.T_DISTRITO (CODDPTO,CODPROV,CODDIST,DESDIST,VIGENTE) VALUES ('13','03','03','CONDORMARCA','1');
INSERT INTO SYSCANVAS.T_DISTRITO (CODDPTO,CODPROV,CODDIST,DESDIST,VIGENTE) VALUES ('13','03','04','LONGOTEA','1');
INSERT INTO SYSCANVAS.T_DISTRITO (CODDPTO,CODPROV,CODDIST,DESDIST,VIGENTE) VALUES ('13','03','05','UCHUMARCA','1');
INSERT INTO SYSCANVAS.T_DISTRITO (CODDPTO,CODPROV,CODDIST,DESDIST,VIGENTE) VALUES ('13','03','06','UCUNCHA','1');
INSERT INTO SYSCANVAS.T_DISTRITO (CODDPTO,CODPROV,CODDIST,DESDIST,VIGENTE) VALUES ('13','04','01','CHEPEN','1');
INSERT INTO SYSCANVAS.T_DISTRITO (CODDPTO,CODPROV,CODDIST,DESDIST,VIGENTE) VALUES ('13','04','02','PACANGA','1');
INSERT INTO SYSCANVAS.T_DISTRITO (CODDPTO,CODPROV,CODDIST,DESDIST,VIGENTE) VALUES ('13','04','03','PUEBLO NUEVO','1');
INSERT INTO SYSCANVAS.T_DISTRITO (CODDPTO,CODPROV,CODDIST,DESDIST,VIGENTE) VALUES ('13','05','01','JULCAN','1');
INSERT INTO SYSCANVAS.T_DISTRITO (CODDPTO,CODPROV,CODDIST,DESDIST,VIGENTE) VALUES ('13','05','02','CALAMARCA','1');
INSERT INTO SYSCANVAS.T_DISTRITO (CODDPTO,CODPROV,CODDIST,DESDIST,VIGENTE) VALUES ('13','05','03','CARABAMBA','1');
INSERT INTO SYSCANVAS.T_DISTRITO (CODDPTO,CODPROV,CODDIST,DESDIST,VIGENTE) VALUES ('13','05','04','HUASO','1');
INSERT INTO SYSCANVAS.T_DISTRITO (CODDPTO,CODPROV,CODDIST,DESDIST,VIGENTE) VALUES ('13','06','01','OTUZCO','1');
INSERT INTO SYSCANVAS.T_DISTRITO (CODDPTO,CODPROV,CODDIST,DESDIST,VIGENTE) VALUES ('13','06','02','AGALLPAMPA','1');
INSERT INTO SYSCANVAS.T_DISTRITO (CODDPTO,CODPROV,CODDIST,DESDIST,VIGENTE) VALUES ('13','06','04','CHARAT','1');
INSERT INTO SYSCANVAS.T_DISTRITO (CODDPTO,CODPROV,CODDIST,DESDIST,VIGENTE) VALUES ('13','06','05','HUARANCHAL','1');
INSERT INTO SYSCANVAS.T_DISTRITO (CODDPTO,CODPROV,CODDIST,DESDIST,VIGENTE) VALUES ('13','06','06','LA CUESTA','1');
INSERT INTO SYSCANVAS.T_DISTRITO (CODDPTO,CODPROV,CODDIST,DESDIST,VIGENTE) VALUES ('13','06','08','MACHE','1');
INSERT INTO SYSCANVAS.T_DISTRITO (CODDPTO,CODPROV,CODDIST,DESDIST,VIGENTE) VALUES ('13','06','10','PARANDAY','1');
INSERT INTO SYSCANVAS.T_DISTRITO (CODDPTO,CODPROV,CODDIST,DESDIST,VIGENTE) VALUES ('13','06','11','SALPO','1');
INSERT INTO SYSCANVAS.T_DISTRITO (CODDPTO,CODPROV,CODDIST,DESDIST,VIGENTE) VALUES ('13','06','13','SINSICAP','1');
INSERT INTO SYSCANVAS.T_DISTRITO (CODDPTO,CODPROV,CODDIST,DESDIST,VIGENTE) VALUES ('13','06','14','USQUIL','1');
INSERT INTO SYSCANVAS.T_DISTRITO (CODDPTO,CODPROV,CODDIST,DESDIST,VIGENTE) VALUES ('13','07','01','SAN PEDRO DE LLOC','1');
INSERT INTO SYSCANVAS.T_DISTRITO (CODDPTO,CODPROV,CODDIST,DESDIST,VIGENTE) VALUES ('13','07','02','GUADALUPE','1');
INSERT INTO SYSCANVAS.T_DISTRITO (CODDPTO,CODPROV,CODDIST,DESDIST,VIGENTE) VALUES ('13','07','03','JEQUETEPEQUE','1');
INSERT INTO SYSCANVAS.T_DISTRITO (CODDPTO,CODPROV,CODDIST,DESDIST,VIGENTE) VALUES ('13','07','04','PACASMAYO','1');
INSERT INTO SYSCANVAS.T_DISTRITO (CODDPTO,CODPROV,CODDIST,DESDIST,VIGENTE) VALUES ('13','07','05','SAN JOSE','1');
INSERT INTO SYSCANVAS.T_DISTRITO (CODDPTO,CODPROV,CODDIST,DESDIST,VIGENTE) VALUES ('13','08','01','TAYABAMBA','1');
INSERT INTO SYSCANVAS.T_DISTRITO (CODDPTO,CODPROV,CODDIST,DESDIST,VIGENTE) VALUES ('13','08','02','BULDIBUYO','1');
INSERT INTO SYSCANVAS.T_DISTRITO (CODDPTO,CODPROV,CODDIST,DESDIST,VIGENTE) VALUES ('13','08','03','CHILLIA','1');
INSERT INTO SYSCANVAS.T_DISTRITO (CODDPTO,CODPROV,CODDIST,DESDIST,VIGENTE) VALUES ('13','08','04','HUANCASPATA','1');
INSERT INTO SYSCANVAS.T_DISTRITO (CODDPTO,CODPROV,CODDIST,DESDIST,VIGENTE) VALUES ('13','08','05','HUAYLILLAS','1');
INSERT INTO SYSCANVAS.T_DISTRITO (CODDPTO,CODPROV,CODDIST,DESDIST,VIGENTE) VALUES ('13','08','06','HUAYO','1');
INSERT INTO SYSCANVAS.T_DISTRITO (CODDPTO,CODPROV,CODDIST,DESDIST,VIGENTE) VALUES ('13','08','07','ONGON','1');
INSERT INTO SYSCANVAS.T_DISTRITO (CODDPTO,CODPROV,CODDIST,DESDIST,VIGENTE) VALUES ('13','08','08','PARCOY','1');
INSERT INTO SYSCANVAS.T_DISTRITO (CODDPTO,CODPROV,CODDIST,DESDIST,VIGENTE) VALUES ('13','08','09','PATAZ','1');
INSERT INTO SYSCANVAS.T_DISTRITO (CODDPTO,CODPROV,CODDIST,DESDIST,VIGENTE) VALUES ('13','08','10','PIAS','1');
INSERT INTO SYSCANVAS.T_DISTRITO (CODDPTO,CODPROV,CODDIST,DESDIST,VIGENTE) VALUES ('13','08','11','SANTIAGO DE CHALLAS','1');
INSERT INTO SYSCANVAS.T_DISTRITO (CODDPTO,CODPROV,CODDIST,DESDIST,VIGENTE) VALUES ('13','08','12','TAURIJA','1');
INSERT INTO SYSCANVAS.T_DISTRITO (CODDPTO,CODPROV,CODDIST,DESDIST,VIGENTE) VALUES ('13','08','13','URPAY','1');
INSERT INTO SYSCANVAS.T_DISTRITO (CODDPTO,CODPROV,CODDIST,DESDIST,VIGENTE) VALUES ('13','09','01','HUAMACHUCO','1');
INSERT INTO SYSCANVAS.T_DISTRITO (CODDPTO,CODPROV,CODDIST,DESDIST,VIGENTE) VALUES ('13','09','02','CHUGAY','1');
INSERT INTO SYSCANVAS.T_DISTRITO (CODDPTO,CODPROV,CODDIST,DESDIST,VIGENTE) VALUES ('13','09','03','COCHORCO','1');
INSERT INTO SYSCANVAS.T_DISTRITO (CODDPTO,CODPROV,CODDIST,DESDIST,VIGENTE) VALUES ('13','09','04','CURGOS','1');
INSERT INTO SYSCANVAS.T_DISTRITO (CODDPTO,CODPROV,CODDIST,DESDIST,VIGENTE) VALUES ('13','09','05','MARCABAL','1');
INSERT INTO SYSCANVAS.T_DISTRITO (CODDPTO,CODPROV,CODDIST,DESDIST,VIGENTE) VALUES ('13','09','06','SANAGORAN','1');
INSERT INTO SYSCANVAS.T_DISTRITO (CODDPTO,CODPROV,CODDIST,DESDIST,VIGENTE) VALUES ('13','09','07','SARIN','1');
INSERT INTO SYSCANVAS.T_DISTRITO (CODDPTO,CODPROV,CODDIST,DESDIST,VIGENTE) VALUES ('13','09','08','SARTIMBAMBA','1');
INSERT INTO SYSCANVAS.T_DISTRITO (CODDPTO,CODPROV,CODDIST,DESDIST,VIGENTE) VALUES ('13','10','01','SANTIAGO DE CHUCO','1');
INSERT INTO SYSCANVAS.T_DISTRITO (CODDPTO,CODPROV,CODDIST,DESDIST,VIGENTE) VALUES ('13','10','02','ANGASMARCA','1');
INSERT INTO SYSCANVAS.T_DISTRITO (CODDPTO,CODPROV,CODDIST,DESDIST,VIGENTE) VALUES ('13','10','03','CACHICADAN','1');
INSERT INTO SYSCANVAS.T_DISTRITO (CODDPTO,CODPROV,CODDIST,DESDIST,VIGENTE) VALUES ('13','10','04','MOLLEBAMBA','1');
INSERT INTO SYSCANVAS.T_DISTRITO (CODDPTO,CODPROV,CODDIST,DESDIST,VIGENTE) VALUES ('13','10','05','MOLLEPATA','1');
INSERT INTO SYSCANVAS.T_DISTRITO (CODDPTO,CODPROV,CODDIST,DESDIST,VIGENTE) VALUES ('13','10','06','QUIRUVILCA','1');
INSERT INTO SYSCANVAS.T_DISTRITO (CODDPTO,CODPROV,CODDIST,DESDIST,VIGENTE) VALUES ('13','10','07','SANTA CRUZ DE CHUCA','1');
INSERT INTO SYSCANVAS.T_DISTRITO (CODDPTO,CODPROV,CODDIST,DESDIST,VIGENTE) VALUES ('13','10','08','SITABAMBA','1');
INSERT INTO SYSCANVAS.T_DISTRITO (CODDPTO,CODPROV,CODDIST,DESDIST,VIGENTE) VALUES ('13','11','01','CASCAS','1');
INSERT INTO SYSCANVAS.T_DISTRITO (CODDPTO,CODPROV,CODDIST,DESDIST,VIGENTE) VALUES ('13','11','02','LUCMA','1');
INSERT INTO SYSCANVAS.T_DISTRITO (CODDPTO,CODPROV,CODDIST,DESDIST,VIGENTE) VALUES ('13','11','03','MARMOT','1');
INSERT INTO SYSCANVAS.T_DISTRITO (CODDPTO,CODPROV,CODDIST,DESDIST,VIGENTE) VALUES ('13','11','04','SAYAPULLO','1');
INSERT INTO SYSCANVAS.T_DISTRITO (CODDPTO,CODPROV,CODDIST,DESDIST,VIGENTE) VALUES ('13','12','01','VIRU','1');
INSERT INTO SYSCANVAS.T_DISTRITO (CODDPTO,CODPROV,CODDIST,DESDIST,VIGENTE) VALUES ('13','12','02','CHAO','1');
INSERT INTO SYSCANVAS.T_DISTRITO (CODDPTO,CODPROV,CODDIST,DESDIST,VIGENTE) VALUES ('13','12','03','GUADALUPITO','1');
INSERT INTO SYSCANVAS.T_DISTRITO (CODDPTO,CODPROV,CODDIST,DESDIST,VIGENTE) VALUES ('14','01','01','CHICLAYO','1');
INSERT INTO SYSCANVAS.T_DISTRITO (CODDPTO,CODPROV,CODDIST,DESDIST,VIGENTE) VALUES ('14','01','02','CHONGOYAPE','1');
INSERT INTO SYSCANVAS.T_DISTRITO (CODDPTO,CODPROV,CODDIST,DESDIST,VIGENTE) VALUES ('14','01','03','ETEN','1');
INSERT INTO SYSCANVAS.T_DISTRITO (CODDPTO,CODPROV,CODDIST,DESDIST,VIGENTE) VALUES ('14','01','04','ETEN PUERTO','1');
INSERT INTO SYSCANVAS.T_DISTRITO (CODDPTO,CODPROV,CODDIST,DESDIST,VIGENTE) VALUES ('14','01','05','JOSE LEONARDO ORTIZ','1');
INSERT INTO SYSCANVAS.T_DISTRITO (CODDPTO,CODPROV,CODDIST,DESDIST,VIGENTE) VALUES ('14','01','06','LA VICTORIA','1');
INSERT INTO SYSCANVAS.T_DISTRITO (CODDPTO,CODPROV,CODDIST,DESDIST,VIGENTE) VALUES ('14','01','07','LAGUNAS','1');
INSERT INTO SYSCANVAS.T_DISTRITO (CODDPTO,CODPROV,CODDIST,DESDIST,VIGENTE) VALUES ('14','01','08','MONSEFU','1');
INSERT INTO SYSCANVAS.T_DISTRITO (CODDPTO,CODPROV,CODDIST,DESDIST,VIGENTE) VALUES ('14','01','09','NUEVA ARICA','1');
INSERT INTO SYSCANVAS.T_DISTRITO (CODDPTO,CODPROV,CODDIST,DESDIST,VIGENTE) VALUES ('14','01','10','OYOTUN','1');
INSERT INTO SYSCANVAS.T_DISTRITO (CODDPTO,CODPROV,CODDIST,DESDIST,VIGENTE) VALUES ('14','01','11','PICSI','1');
INSERT INTO SYSCANVAS.T_DISTRITO (CODDPTO,CODPROV,CODDIST,DESDIST,VIGENTE) VALUES ('14','01','12','PIMENTEL','1');
INSERT INTO SYSCANVAS.T_DISTRITO (CODDPTO,CODPROV,CODDIST,DESDIST,VIGENTE) VALUES ('14','01','13','REQUE','1');
INSERT INTO SYSCANVAS.T_DISTRITO (CODDPTO,CODPROV,CODDIST,DESDIST,VIGENTE) VALUES ('14','01','14','SANTA ROSA','1');
INSERT INTO SYSCANVAS.T_DISTRITO (CODDPTO,CODPROV,CODDIST,DESDIST,VIGENTE) VALUES ('14','01','15','SAÑA','1');
INSERT INTO SYSCANVAS.T_DISTRITO (CODDPTO,CODPROV,CODDIST,DESDIST,VIGENTE) VALUES ('14','01','16','CAYALTI','1');
INSERT INTO SYSCANVAS.T_DISTRITO (CODDPTO,CODPROV,CODDIST,DESDIST,VIGENTE) VALUES ('14','01','17','PATAPO','1');
INSERT INTO SYSCANVAS.T_DISTRITO (CODDPTO,CODPROV,CODDIST,DESDIST,VIGENTE) VALUES ('14','01','18','POMALCA','1');
INSERT INTO SYSCANVAS.T_DISTRITO (CODDPTO,CODPROV,CODDIST,DESDIST,VIGENTE) VALUES ('14','01','19','PUCALA','1');
INSERT INTO SYSCANVAS.T_DISTRITO (CODDPTO,CODPROV,CODDIST,DESDIST,VIGENTE) VALUES ('14','01','20','TUMAN','1');
INSERT INTO SYSCANVAS.T_DISTRITO (CODDPTO,CODPROV,CODDIST,DESDIST,VIGENTE) VALUES ('14','02','01','FERREÑAFE','1');
INSERT INTO SYSCANVAS.T_DISTRITO (CODDPTO,CODPROV,CODDIST,DESDIST,VIGENTE) VALUES ('14','02','02','CAÑARIS','1');
INSERT INTO SYSCANVAS.T_DISTRITO (CODDPTO,CODPROV,CODDIST,DESDIST,VIGENTE) VALUES ('14','02','03','INCAHUASI','1');
INSERT INTO SYSCANVAS.T_DISTRITO (CODDPTO,CODPROV,CODDIST,DESDIST,VIGENTE) VALUES ('14','02','04','MANUEL ANTONIO MESON','1');
INSERT INTO SYSCANVAS.T_DISTRITO (CODDPTO,CODPROV,CODDIST,DESDIST,VIGENTE) VALUES ('14','02','05','PITIPO','1');
INSERT INTO SYSCANVAS.T_DISTRITO (CODDPTO,CODPROV,CODDIST,DESDIST,VIGENTE) VALUES ('14','02','06','PUEBLO NUEVO','1');
INSERT INTO SYSCANVAS.T_DISTRITO (CODDPTO,CODPROV,CODDIST,DESDIST,VIGENTE) VALUES ('14','03','01','LAMBAYEQUE','1');
INSERT INTO SYSCANVAS.T_DISTRITO (CODDPTO,CODPROV,CODDIST,DESDIST,VIGENTE) VALUES ('14','03','02','CHOCHOPE','1');
INSERT INTO SYSCANVAS.T_DISTRITO (CODDPTO,CODPROV,CODDIST,DESDIST,VIGENTE) VALUES ('14','03','03','ILLIMO','1');
INSERT INTO SYSCANVAS.T_DISTRITO (CODDPTO,CODPROV,CODDIST,DESDIST,VIGENTE) VALUES ('14','03','04','JAYANCA','1');
INSERT INTO SYSCANVAS.T_DISTRITO (CODDPTO,CODPROV,CODDIST,DESDIST,VIGENTE) VALUES ('14','03','05','MOCHUMI','1');
INSERT INTO SYSCANVAS.T_DISTRITO (CODDPTO,CODPROV,CODDIST,DESDIST,VIGENTE) VALUES ('14','03','06','MORROPE','1');
INSERT INTO SYSCANVAS.T_DISTRITO (CODDPTO,CODPROV,CODDIST,DESDIST,VIGENTE) VALUES ('14','03','07','MOTUPE','1');
INSERT INTO SYSCANVAS.T_DISTRITO (CODDPTO,CODPROV,CODDIST,DESDIST,VIGENTE) VALUES ('14','03','08','OLMOS','1');
INSERT INTO SYSCANVAS.T_DISTRITO (CODDPTO,CODPROV,CODDIST,DESDIST,VIGENTE) VALUES ('14','03','09','PACORA','1');
INSERT INTO SYSCANVAS.T_DISTRITO (CODDPTO,CODPROV,CODDIST,DESDIST,VIGENTE) VALUES ('14','03','10','SALAS','1');
INSERT INTO SYSCANVAS.T_DISTRITO (CODDPTO,CODPROV,CODDIST,DESDIST,VIGENTE) VALUES ('14','03','11','SAN JOSE','1');
INSERT INTO SYSCANVAS.T_DISTRITO (CODDPTO,CODPROV,CODDIST,DESDIST,VIGENTE) VALUES ('14','03','12','TUCUME','1');
INSERT INTO SYSCANVAS.T_DISTRITO (CODDPTO,CODPROV,CODDIST,DESDIST,VIGENTE) VALUES ('15','01','01','LIMA','1');
INSERT INTO SYSCANVAS.T_DISTRITO (CODDPTO,CODPROV,CODDIST,DESDIST,VIGENTE) VALUES ('15','01','02','ANCON','1');
INSERT INTO SYSCANVAS.T_DISTRITO (CODDPTO,CODPROV,CODDIST,DESDIST,VIGENTE) VALUES ('15','01','03','ATE','1');
INSERT INTO SYSCANVAS.T_DISTRITO (CODDPTO,CODPROV,CODDIST,DESDIST,VIGENTE) VALUES ('15','01','04','BARRANCO','1');
INSERT INTO SYSCANVAS.T_DISTRITO (CODDPTO,CODPROV,CODDIST,DESDIST,VIGENTE) VALUES ('15','01','05','BREÑA','1');
INSERT INTO SYSCANVAS.T_DISTRITO (CODDPTO,CODPROV,CODDIST,DESDIST,VIGENTE) VALUES ('15','01','06','CARABAYLLO','1');
INSERT INTO SYSCANVAS.T_DISTRITO (CODDPTO,CODPROV,CODDIST,DESDIST,VIGENTE) VALUES ('15','01','07','CHACLACAYO','1');
INSERT INTO SYSCANVAS.T_DISTRITO (CODDPTO,CODPROV,CODDIST,DESDIST,VIGENTE) VALUES ('15','01','08','CHORRILLOS','1');
INSERT INTO SYSCANVAS.T_DISTRITO (CODDPTO,CODPROV,CODDIST,DESDIST,VIGENTE) VALUES ('15','01','09','CIENEGUILLA','1');
INSERT INTO SYSCANVAS.T_DISTRITO (CODDPTO,CODPROV,CODDIST,DESDIST,VIGENTE) VALUES ('15','01','10','COMAS','1');
INSERT INTO SYSCANVAS.T_DISTRITO (CODDPTO,CODPROV,CODDIST,DESDIST,VIGENTE) VALUES ('15','01','11','EL AGUSTINO','1');
INSERT INTO SYSCANVAS.T_DISTRITO (CODDPTO,CODPROV,CODDIST,DESDIST,VIGENTE) VALUES ('15','01','12','INDEPENDENCIA','1');
INSERT INTO SYSCANVAS.T_DISTRITO (CODDPTO,CODPROV,CODDIST,DESDIST,VIGENTE) VALUES ('15','01','13','JESUS MARIA','1');
INSERT INTO SYSCANVAS.T_DISTRITO (CODDPTO,CODPROV,CODDIST,DESDIST,VIGENTE) VALUES ('15','01','14','LA MOLINA','1');
INSERT INTO SYSCANVAS.T_DISTRITO (CODDPTO,CODPROV,CODDIST,DESDIST,VIGENTE) VALUES ('15','01','15','LA VICTORIA','1');
INSERT INTO SYSCANVAS.T_DISTRITO (CODDPTO,CODPROV,CODDIST,DESDIST,VIGENTE) VALUES ('15','01','16','LINCE','1');
INSERT INTO SYSCANVAS.T_DISTRITO (CODDPTO,CODPROV,CODDIST,DESDIST,VIGENTE) VALUES ('15','01','17','LOS OLIVOS','1');
INSERT INTO SYSCANVAS.T_DISTRITO (CODDPTO,CODPROV,CODDIST,DESDIST,VIGENTE) VALUES ('15','01','18','LURIGANCHO','1');
INSERT INTO SYSCANVAS.T_DISTRITO (CODDPTO,CODPROV,CODDIST,DESDIST,VIGENTE) VALUES ('15','01','19','LURIN','1');
INSERT INTO SYSCANVAS.T_DISTRITO (CODDPTO,CODPROV,CODDIST,DESDIST,VIGENTE) VALUES ('15','01','20','MAGDALENA DEL MAR','1');
INSERT INTO SYSCANVAS.T_DISTRITO (CODDPTO,CODPROV,CODDIST,DESDIST,VIGENTE) VALUES ('15','01','21','PUEBLO LIBRE (MAGDAL','1');
INSERT INTO SYSCANVAS.T_DISTRITO (CODDPTO,CODPROV,CODDIST,DESDIST,VIGENTE) VALUES ('15','01','22','MIRAFLORES','1');
INSERT INTO SYSCANVAS.T_DISTRITO (CODDPTO,CODPROV,CODDIST,DESDIST,VIGENTE) VALUES ('15','01','23','PACHACAMAC','1');
INSERT INTO SYSCANVAS.T_DISTRITO (CODDPTO,CODPROV,CODDIST,DESDIST,VIGENTE) VALUES ('15','01','24','PUCUSANA','1');
INSERT INTO SYSCANVAS.T_DISTRITO (CODDPTO,CODPROV,CODDIST,DESDIST,VIGENTE) VALUES ('15','01','25','PUENTE PIEDRA','1');
INSERT INTO SYSCANVAS.T_DISTRITO (CODDPTO,CODPROV,CODDIST,DESDIST,VIGENTE) VALUES ('15','01','26','PUNTA HERMOSA','1');
INSERT INTO SYSCANVAS.T_DISTRITO (CODDPTO,CODPROV,CODDIST,DESDIST,VIGENTE) VALUES ('15','01','27','PUNTA NEGRA','1');
INSERT INTO SYSCANVAS.T_DISTRITO (CODDPTO,CODPROV,CODDIST,DESDIST,VIGENTE) VALUES ('15','01','28','RIMAC','1');
INSERT INTO SYSCANVAS.T_DISTRITO (CODDPTO,CODPROV,CODDIST,DESDIST,VIGENTE) VALUES ('15','01','29','SAN BARTOLO','1');
INSERT INTO SYSCANVAS.T_DISTRITO (CODDPTO,CODPROV,CODDIST,DESDIST,VIGENTE) VALUES ('15','01','30','SAN BORJA','1');
INSERT INTO SYSCANVAS.T_DISTRITO (CODDPTO,CODPROV,CODDIST,DESDIST,VIGENTE) VALUES ('15','01','31','SAN ISIDRO','1');
INSERT INTO SYSCANVAS.T_DISTRITO (CODDPTO,CODPROV,CODDIST,DESDIST,VIGENTE) VALUES ('15','01','32','SAN JUAN DE LURIGANC','1');
INSERT INTO SYSCANVAS.T_DISTRITO (CODDPTO,CODPROV,CODDIST,DESDIST,VIGENTE) VALUES ('15','01','33','SAN JUAN DE MIRAFLOR','1');
INSERT INTO SYSCANVAS.T_DISTRITO (CODDPTO,CODPROV,CODDIST,DESDIST,VIGENTE) VALUES ('15','01','34','SAN LUIS','1');
INSERT INTO SYSCANVAS.T_DISTRITO (CODDPTO,CODPROV,CODDIST,DESDIST,VIGENTE) VALUES ('15','01','35','SAN MARTIN DE PORRES','1');
INSERT INTO SYSCANVAS.T_DISTRITO (CODDPTO,CODPROV,CODDIST,DESDIST,VIGENTE) VALUES ('15','01','36','SAN MIGUEL','1');
INSERT INTO SYSCANVAS.T_DISTRITO (CODDPTO,CODPROV,CODDIST,DESDIST,VIGENTE) VALUES ('15','01','37','SANTA ANITA','1');
INSERT INTO SYSCANVAS.T_DISTRITO (CODDPTO,CODPROV,CODDIST,DESDIST,VIGENTE) VALUES ('15','01','38','SANTA MARIA DEL MAR','1');
INSERT INTO SYSCANVAS.T_DISTRITO (CODDPTO,CODPROV,CODDIST,DESDIST,VIGENTE) VALUES ('15','01','39','SANTA ROSA','1');
INSERT INTO SYSCANVAS.T_DISTRITO (CODDPTO,CODPROV,CODDIST,DESDIST,VIGENTE) VALUES ('15','01','40','SANTIAGO DE SURCO','1');
INSERT INTO SYSCANVAS.T_DISTRITO (CODDPTO,CODPROV,CODDIST,DESDIST,VIGENTE) VALUES ('15','01','41','SURQUILLO','1');
INSERT INTO SYSCANVAS.T_DISTRITO (CODDPTO,CODPROV,CODDIST,DESDIST,VIGENTE) VALUES ('15','01','42','VILLA EL SALVADOR','1');
INSERT INTO SYSCANVAS.T_DISTRITO (CODDPTO,CODPROV,CODDIST,DESDIST,VIGENTE) VALUES ('15','01','43','VILLA MARIA DEL TRIU','1');
INSERT INTO SYSCANVAS.T_DISTRITO (CODDPTO,CODPROV,CODDIST,DESDIST,VIGENTE) VALUES ('15','02','01','BARRANCA','1');
INSERT INTO SYSCANVAS.T_DISTRITO (CODDPTO,CODPROV,CODDIST,DESDIST,VIGENTE) VALUES ('15','02','02','PARAMONGA','1');
INSERT INTO SYSCANVAS.T_DISTRITO (CODDPTO,CODPROV,CODDIST,DESDIST,VIGENTE) VALUES ('15','02','03','PATIVILCA','1');
INSERT INTO SYSCANVAS.T_DISTRITO (CODDPTO,CODPROV,CODDIST,DESDIST,VIGENTE) VALUES ('15','02','04','SUPE','1');
INSERT INTO SYSCANVAS.T_DISTRITO (CODDPTO,CODPROV,CODDIST,DESDIST,VIGENTE) VALUES ('15','02','05','SUPE PUERTO','1');
INSERT INTO SYSCANVAS.T_DISTRITO (CODDPTO,CODPROV,CODDIST,DESDIST,VIGENTE) VALUES ('15','03','01','CAJATAMBO','1');
INSERT INTO SYSCANVAS.T_DISTRITO (CODDPTO,CODPROV,CODDIST,DESDIST,VIGENTE) VALUES ('15','03','02','COPA','1');
INSERT INTO SYSCANVAS.T_DISTRITO (CODDPTO,CODPROV,CODDIST,DESDIST,VIGENTE) VALUES ('15','03','03','GORGOR','1');
INSERT INTO SYSCANVAS.T_DISTRITO (CODDPTO,CODPROV,CODDIST,DESDIST,VIGENTE) VALUES ('15','03','04','HUANCAPON','1');
INSERT INTO SYSCANVAS.T_DISTRITO (CODDPTO,CODPROV,CODDIST,DESDIST,VIGENTE) VALUES ('15','03','05','MANAS','1');
INSERT INTO SYSCANVAS.T_DISTRITO (CODDPTO,CODPROV,CODDIST,DESDIST,VIGENTE) VALUES ('15','04','01','CANTA','1');
INSERT INTO SYSCANVAS.T_DISTRITO (CODDPTO,CODPROV,CODDIST,DESDIST,VIGENTE) VALUES ('15','04','02','ARAHUAY','1');
INSERT INTO SYSCANVAS.T_DISTRITO (CODDPTO,CODPROV,CODDIST,DESDIST,VIGENTE) VALUES ('15','04','03','HUAMANTANGA','1');
INSERT INTO SYSCANVAS.T_DISTRITO (CODDPTO,CODPROV,CODDIST,DESDIST,VIGENTE) VALUES ('15','04','04','HUAROS','1');
INSERT INTO SYSCANVAS.T_DISTRITO (CODDPTO,CODPROV,CODDIST,DESDIST,VIGENTE) VALUES ('15','04','05','LACHAQUI','1');
INSERT INTO SYSCANVAS.T_DISTRITO (CODDPTO,CODPROV,CODDIST,DESDIST,VIGENTE) VALUES ('15','04','06','SAN BUENAVENTURA','1');
INSERT INTO SYSCANVAS.T_DISTRITO (CODDPTO,CODPROV,CODDIST,DESDIST,VIGENTE) VALUES ('15','04','07','SANTA ROSA DE QUIVES','1');
INSERT INTO SYSCANVAS.T_DISTRITO (CODDPTO,CODPROV,CODDIST,DESDIST,VIGENTE) VALUES ('15','05','01','SAN VICENTE DE CAÑET','1');
INSERT INTO SYSCANVAS.T_DISTRITO (CODDPTO,CODPROV,CODDIST,DESDIST,VIGENTE) VALUES ('15','05','02','ASIA','1');
INSERT INTO SYSCANVAS.T_DISTRITO (CODDPTO,CODPROV,CODDIST,DESDIST,VIGENTE) VALUES ('15','05','03','CALANGO','1');
INSERT INTO SYSCANVAS.T_DISTRITO (CODDPTO,CODPROV,CODDIST,DESDIST,VIGENTE) VALUES ('15','05','04','CERRO AZUL','1');
INSERT INTO SYSCANVAS.T_DISTRITO (CODDPTO,CODPROV,CODDIST,DESDIST,VIGENTE) VALUES ('15','05','05','CHILCA','1');
INSERT INTO SYSCANVAS.T_DISTRITO (CODDPTO,CODPROV,CODDIST,DESDIST,VIGENTE) VALUES ('15','05','06','COAYLLO','1');
INSERT INTO SYSCANVAS.T_DISTRITO (CODDPTO,CODPROV,CODDIST,DESDIST,VIGENTE) VALUES ('15','05','07','IMPERIAL','1');
INSERT INTO SYSCANVAS.T_DISTRITO (CODDPTO,CODPROV,CODDIST,DESDIST,VIGENTE) VALUES ('15','05','08','LUNAHUANA','1');
INSERT INTO SYSCANVAS.T_DISTRITO (CODDPTO,CODPROV,CODDIST,DESDIST,VIGENTE) VALUES ('15','05','09','MALA','1');
INSERT INTO SYSCANVAS.T_DISTRITO (CODDPTO,CODPROV,CODDIST,DESDIST,VIGENTE) VALUES ('15','05','10','NUEVO IMPERIAL','1');
INSERT INTO SYSCANVAS.T_DISTRITO (CODDPTO,CODPROV,CODDIST,DESDIST,VIGENTE) VALUES ('15','05','11','PACARAN','1');
INSERT INTO SYSCANVAS.T_DISTRITO (CODDPTO,CODPROV,CODDIST,DESDIST,VIGENTE) VALUES ('15','05','12','QUILMANA','1');
INSERT INTO SYSCANVAS.T_DISTRITO (CODDPTO,CODPROV,CODDIST,DESDIST,VIGENTE) VALUES ('15','05','13','SAN ANTONIO','1');
INSERT INTO SYSCANVAS.T_DISTRITO (CODDPTO,CODPROV,CODDIST,DESDIST,VIGENTE) VALUES ('15','05','14','SAN LUIS','1');
INSERT INTO SYSCANVAS.T_DISTRITO (CODDPTO,CODPROV,CODDIST,DESDIST,VIGENTE) VALUES ('15','05','15','SANTA CRUZ DE FLORES','1');
INSERT INTO SYSCANVAS.T_DISTRITO (CODDPTO,CODPROV,CODDIST,DESDIST,VIGENTE) VALUES ('15','05','16','ZUÑIGA','1');
INSERT INTO SYSCANVAS.T_DISTRITO (CODDPTO,CODPROV,CODDIST,DESDIST,VIGENTE) VALUES ('15','06','01','HUARAL','1');
INSERT INTO SYSCANVAS.T_DISTRITO (CODDPTO,CODPROV,CODDIST,DESDIST,VIGENTE) VALUES ('15','06','02','ATAVILLOS ALTO','1');
INSERT INTO SYSCANVAS.T_DISTRITO (CODDPTO,CODPROV,CODDIST,DESDIST,VIGENTE) VALUES ('15','06','03','ATAVILLOS BAJO','1');
INSERT INTO SYSCANVAS.T_DISTRITO (CODDPTO,CODPROV,CODDIST,DESDIST,VIGENTE) VALUES ('15','06','04','AUCALLAMA','1');
INSERT INTO SYSCANVAS.T_DISTRITO (CODDPTO,CODPROV,CODDIST,DESDIST,VIGENTE) VALUES ('15','06','05','CHANCAY','1');
INSERT INTO SYSCANVAS.T_DISTRITO (CODDPTO,CODPROV,CODDIST,DESDIST,VIGENTE) VALUES ('15','06','06','IHUARI','1');
INSERT INTO SYSCANVAS.T_DISTRITO (CODDPTO,CODPROV,CODDIST,DESDIST,VIGENTE) VALUES ('15','06','07','LAMPIAN','1');
INSERT INTO SYSCANVAS.T_DISTRITO (CODDPTO,CODPROV,CODDIST,DESDIST,VIGENTE) VALUES ('15','06','08','PACARAOS','1');
INSERT INTO SYSCANVAS.T_DISTRITO (CODDPTO,CODPROV,CODDIST,DESDIST,VIGENTE) VALUES ('15','06','09','SAN MIGUEL DE ACOS','1');
INSERT INTO SYSCANVAS.T_DISTRITO (CODDPTO,CODPROV,CODDIST,DESDIST,VIGENTE) VALUES ('15','06','10','SANTA CRUZ DE ANDAMA','1');
INSERT INTO SYSCANVAS.T_DISTRITO (CODDPTO,CODPROV,CODDIST,DESDIST,VIGENTE) VALUES ('15','06','11','SUMBILCA','1');
INSERT INTO SYSCANVAS.T_DISTRITO (CODDPTO,CODPROV,CODDIST,DESDIST,VIGENTE) VALUES ('15','06','12','VEINTISIETE DE NOVIE','1');
INSERT INTO SYSCANVAS.T_DISTRITO (CODDPTO,CODPROV,CODDIST,DESDIST,VIGENTE) VALUES ('15','07','01','MATUCANA','1');
INSERT INTO SYSCANVAS.T_DISTRITO (CODDPTO,CODPROV,CODDIST,DESDIST,VIGENTE) VALUES ('15','07','02','ANTIOQUIA','1');
INSERT INTO SYSCANVAS.T_DISTRITO (CODDPTO,CODPROV,CODDIST,DESDIST,VIGENTE) VALUES ('15','07','03','CALLAHUANCA','1');
INSERT INTO SYSCANVAS.T_DISTRITO (CODDPTO,CODPROV,CODDIST,DESDIST,VIGENTE) VALUES ('15','07','04','CARAMPOMA','1');
INSERT INTO SYSCANVAS.T_DISTRITO (CODDPTO,CODPROV,CODDIST,DESDIST,VIGENTE) VALUES ('15','07','05','CHICLA','1');
INSERT INTO SYSCANVAS.T_DISTRITO (CODDPTO,CODPROV,CODDIST,DESDIST,VIGENTE) VALUES ('15','07','06','CUENCA','1');
INSERT INTO SYSCANVAS.T_DISTRITO (CODDPTO,CODPROV,CODDIST,DESDIST,VIGENTE) VALUES ('15','07','07','HUACHUPAMPA','1');
INSERT INTO SYSCANVAS.T_DISTRITO (CODDPTO,CODPROV,CODDIST,DESDIST,VIGENTE) VALUES ('15','07','08','HUANZA','1');
INSERT INTO SYSCANVAS.T_DISTRITO (CODDPTO,CODPROV,CODDIST,DESDIST,VIGENTE) VALUES ('15','07','09','HUAROCHIRI','1');
INSERT INTO SYSCANVAS.T_DISTRITO (CODDPTO,CODPROV,CODDIST,DESDIST,VIGENTE) VALUES ('15','07','10','LAHUAYTAMBO','1');
INSERT INTO SYSCANVAS.T_DISTRITO (CODDPTO,CODPROV,CODDIST,DESDIST,VIGENTE) VALUES ('15','07','11','LANGA','1');
INSERT INTO SYSCANVAS.T_DISTRITO (CODDPTO,CODPROV,CODDIST,DESDIST,VIGENTE) VALUES ('15','07','12','LARAOS','1');
INSERT INTO SYSCANVAS.T_DISTRITO (CODDPTO,CODPROV,CODDIST,DESDIST,VIGENTE) VALUES ('15','07','13','MARIATANA','1');
INSERT INTO SYSCANVAS.T_DISTRITO (CODDPTO,CODPROV,CODDIST,DESDIST,VIGENTE) VALUES ('15','07','14','RICARDO PALMA','1');
INSERT INTO SYSCANVAS.T_DISTRITO (CODDPTO,CODPROV,CODDIST,DESDIST,VIGENTE) VALUES ('15','07','15','SAN ANDRES DE TUPICO','1');
INSERT INTO SYSCANVAS.T_DISTRITO (CODDPTO,CODPROV,CODDIST,DESDIST,VIGENTE) VALUES ('15','07','16','SAN ANTONIO','1');
INSERT INTO SYSCANVAS.T_DISTRITO (CODDPTO,CODPROV,CODDIST,DESDIST,VIGENTE) VALUES ('15','07','17','SAN BARTOLOME','1');
INSERT INTO SYSCANVAS.T_DISTRITO (CODDPTO,CODPROV,CODDIST,DESDIST,VIGENTE) VALUES ('15','07','18','SAN DAMIAN','1');
INSERT INTO SYSCANVAS.T_DISTRITO (CODDPTO,CODPROV,CODDIST,DESDIST,VIGENTE) VALUES ('15','07','19','SAN JUAN DE IRIS','1');
INSERT INTO SYSCANVAS.T_DISTRITO (CODDPTO,CODPROV,CODDIST,DESDIST,VIGENTE) VALUES ('15','07','20','SAN JUAN DE TANTARAN','1');
INSERT INTO SYSCANVAS.T_DISTRITO (CODDPTO,CODPROV,CODDIST,DESDIST,VIGENTE) VALUES ('15','07','21','SAN LORENZO DE QUINT','1');
INSERT INTO SYSCANVAS.T_DISTRITO (CODDPTO,CODPROV,CODDIST,DESDIST,VIGENTE) VALUES ('15','07','22','SAN MATEO','1');
INSERT INTO SYSCANVAS.T_DISTRITO (CODDPTO,CODPROV,CODDIST,DESDIST,VIGENTE) VALUES ('15','07','23','SAN MATEO DE OTAO','1');
INSERT INTO SYSCANVAS.T_DISTRITO (CODDPTO,CODPROV,CODDIST,DESDIST,VIGENTE) VALUES ('15','07','24','SAN PEDRO DE CASTA','1');
INSERT INTO SYSCANVAS.T_DISTRITO (CODDPTO,CODPROV,CODDIST,DESDIST,VIGENTE) VALUES ('15','07','25','SAN PEDRO DE HUANCAY','1');
INSERT INTO SYSCANVAS.T_DISTRITO (CODDPTO,CODPROV,CODDIST,DESDIST,VIGENTE) VALUES ('15','07','26','SANGALLAYA','1');
INSERT INTO SYSCANVAS.T_DISTRITO (CODDPTO,CODPROV,CODDIST,DESDIST,VIGENTE) VALUES ('15','07','27','SANTA CRUZ DE COCACH','1');
INSERT INTO SYSCANVAS.T_DISTRITO (CODDPTO,CODPROV,CODDIST,DESDIST,VIGENTE) VALUES ('15','07','28','SANTA EULALIA','1');
INSERT INTO SYSCANVAS.T_DISTRITO (CODDPTO,CODPROV,CODDIST,DESDIST,VIGENTE) VALUES ('15','07','29','SANTIAGO DE ANCHUCAY','1');
INSERT INTO SYSCANVAS.T_DISTRITO (CODDPTO,CODPROV,CODDIST,DESDIST,VIGENTE) VALUES ('15','07','30','SANTIAGO DE TUNA','1');
INSERT INTO SYSCANVAS.T_DISTRITO (CODDPTO,CODPROV,CODDIST,DESDIST,VIGENTE) VALUES ('15','07','31','SANTO DOMINGO DE LOS','1');
INSERT INTO SYSCANVAS.T_DISTRITO (CODDPTO,CODPROV,CODDIST,DESDIST,VIGENTE) VALUES ('15','07','32','SURCO','1');
INSERT INTO SYSCANVAS.T_DISTRITO (CODDPTO,CODPROV,CODDIST,DESDIST,VIGENTE) VALUES ('15','08','01','HUACHO','1');
INSERT INTO SYSCANVAS.T_DISTRITO (CODDPTO,CODPROV,CODDIST,DESDIST,VIGENTE) VALUES ('15','08','02','AMBAR','1');
INSERT INTO SYSCANVAS.T_DISTRITO (CODDPTO,CODPROV,CODDIST,DESDIST,VIGENTE) VALUES ('15','08','03','CALETA DE CARQUIN','1');
INSERT INTO SYSCANVAS.T_DISTRITO (CODDPTO,CODPROV,CODDIST,DESDIST,VIGENTE) VALUES ('15','08','04','CHECRAS','1');
INSERT INTO SYSCANVAS.T_DISTRITO (CODDPTO,CODPROV,CODDIST,DESDIST,VIGENTE) VALUES ('15','08','05','HUALMAY','1');
INSERT INTO SYSCANVAS.T_DISTRITO (CODDPTO,CODPROV,CODDIST,DESDIST,VIGENTE) VALUES ('15','08','06','HUAURA','1');
INSERT INTO SYSCANVAS.T_DISTRITO (CODDPTO,CODPROV,CODDIST,DESDIST,VIGENTE) VALUES ('15','08','07','LEONCIO PRADO','1');
INSERT INTO SYSCANVAS.T_DISTRITO (CODDPTO,CODPROV,CODDIST,DESDIST,VIGENTE) VALUES ('15','08','08','PACCHO','1');
INSERT INTO SYSCANVAS.T_DISTRITO (CODDPTO,CODPROV,CODDIST,DESDIST,VIGENTE) VALUES ('15','08','09','SANTA LEONOR','1');
INSERT INTO SYSCANVAS.T_DISTRITO (CODDPTO,CODPROV,CODDIST,DESDIST,VIGENTE) VALUES ('15','08','10','SANTA MARIA','1');
INSERT INTO SYSCANVAS.T_DISTRITO (CODDPTO,CODPROV,CODDIST,DESDIST,VIGENTE) VALUES ('15','08','11','SAYAN','1');
INSERT INTO SYSCANVAS.T_DISTRITO (CODDPTO,CODPROV,CODDIST,DESDIST,VIGENTE) VALUES ('15','08','12','VEGUETA','1');
INSERT INTO SYSCANVAS.T_DISTRITO (CODDPTO,CODPROV,CODDIST,DESDIST,VIGENTE) VALUES ('15','09','01','OYON','1');
INSERT INTO SYSCANVAS.T_DISTRITO (CODDPTO,CODPROV,CODDIST,DESDIST,VIGENTE) VALUES ('15','09','02','ANDAJES','1');
INSERT INTO SYSCANVAS.T_DISTRITO (CODDPTO,CODPROV,CODDIST,DESDIST,VIGENTE) VALUES ('15','09','03','CAUJUL','1');
INSERT INTO SYSCANVAS.T_DISTRITO (CODDPTO,CODPROV,CODDIST,DESDIST,VIGENTE) VALUES ('15','09','04','COCHAMARCA','1');
INSERT INTO SYSCANVAS.T_DISTRITO (CODDPTO,CODPROV,CODDIST,DESDIST,VIGENTE) VALUES ('15','09','05','NAVAN','1');
INSERT INTO SYSCANVAS.T_DISTRITO (CODDPTO,CODPROV,CODDIST,DESDIST,VIGENTE) VALUES ('15','09','06','PACHANGARA','1');
INSERT INTO SYSCANVAS.T_DISTRITO (CODDPTO,CODPROV,CODDIST,DESDIST,VIGENTE) VALUES ('15','10','01','YAUYOS','1');
INSERT INTO SYSCANVAS.T_DISTRITO (CODDPTO,CODPROV,CODDIST,DESDIST,VIGENTE) VALUES ('15','10','02','ALIS','1');
INSERT INTO SYSCANVAS.T_DISTRITO (CODDPTO,CODPROV,CODDIST,DESDIST,VIGENTE) VALUES ('15','10','03','AYAUCA','1');
INSERT INTO SYSCANVAS.T_DISTRITO (CODDPTO,CODPROV,CODDIST,DESDIST,VIGENTE) VALUES ('15','10','04','AYAVIRI','1');
INSERT INTO SYSCANVAS.T_DISTRITO (CODDPTO,CODPROV,CODDIST,DESDIST,VIGENTE) VALUES ('15','10','05','AZANGARO','1');
INSERT INTO SYSCANVAS.T_DISTRITO (CODDPTO,CODPROV,CODDIST,DESDIST,VIGENTE) VALUES ('15','10','06','CACRA','1');
INSERT INTO SYSCANVAS.T_DISTRITO (CODDPTO,CODPROV,CODDIST,DESDIST,VIGENTE) VALUES ('15','10','07','CARANIA','1');
INSERT INTO SYSCANVAS.T_DISTRITO (CODDPTO,CODPROV,CODDIST,DESDIST,VIGENTE) VALUES ('15','10','08','CATAHUASI','1');
INSERT INTO SYSCANVAS.T_DISTRITO (CODDPTO,CODPROV,CODDIST,DESDIST,VIGENTE) VALUES ('15','10','09','CHOCOS','1');
INSERT INTO SYSCANVAS.T_DISTRITO (CODDPTO,CODPROV,CODDIST,DESDIST,VIGENTE) VALUES ('15','10','10','COCHAS','1');
INSERT INTO SYSCANVAS.T_DISTRITO (CODDPTO,CODPROV,CODDIST,DESDIST,VIGENTE) VALUES ('15','10','11','COLONIA','1');
INSERT INTO SYSCANVAS.T_DISTRITO (CODDPTO,CODPROV,CODDIST,DESDIST,VIGENTE) VALUES ('15','10','12','HONGOS','1');
INSERT INTO SYSCANVAS.T_DISTRITO (CODDPTO,CODPROV,CODDIST,DESDIST,VIGENTE) VALUES ('15','10','13','HUAMPARA','1');
INSERT INTO SYSCANVAS.T_DISTRITO (CODDPTO,CODPROV,CODDIST,DESDIST,VIGENTE) VALUES ('15','10','14','HUANCAYA','1');
INSERT INTO SYSCANVAS.T_DISTRITO (CODDPTO,CODPROV,CODDIST,DESDIST,VIGENTE) VALUES ('15','10','15','HUANGASCAR','1');
INSERT INTO SYSCANVAS.T_DISTRITO (CODDPTO,CODPROV,CODDIST,DESDIST,VIGENTE) VALUES ('15','10','16','HUANTAN','1');
INSERT INTO SYSCANVAS.T_DISTRITO (CODDPTO,CODPROV,CODDIST,DESDIST,VIGENTE) VALUES ('15','10','17','HUAÑEC','1');
INSERT INTO SYSCANVAS.T_DISTRITO (CODDPTO,CODPROV,CODDIST,DESDIST,VIGENTE) VALUES ('15','10','18','LARAOS','1');
INSERT INTO SYSCANVAS.T_DISTRITO (CODDPTO,CODPROV,CODDIST,DESDIST,VIGENTE) VALUES ('15','10','19','LINCHA','1');
INSERT INTO SYSCANVAS.T_DISTRITO (CODDPTO,CODPROV,CODDIST,DESDIST,VIGENTE) VALUES ('15','10','20','MADEAN','1');
INSERT INTO SYSCANVAS.T_DISTRITO (CODDPTO,CODPROV,CODDIST,DESDIST,VIGENTE) VALUES ('15','10','21','MIRAFLORES','1');
INSERT INTO SYSCANVAS.T_DISTRITO (CODDPTO,CODPROV,CODDIST,DESDIST,VIGENTE) VALUES ('15','10','22','OMAS','1');
INSERT INTO SYSCANVAS.T_DISTRITO (CODDPTO,CODPROV,CODDIST,DESDIST,VIGENTE) VALUES ('15','10','23','PUTINZA','1');
INSERT INTO SYSCANVAS.T_DISTRITO (CODDPTO,CODPROV,CODDIST,DESDIST,VIGENTE) VALUES ('15','10','24','QUINCHES','1');
INSERT INTO SYSCANVAS.T_DISTRITO (CODDPTO,CODPROV,CODDIST,DESDIST,VIGENTE) VALUES ('15','10','25','QUINOCAY','1');
INSERT INTO SYSCANVAS.T_DISTRITO (CODDPTO,CODPROV,CODDIST,DESDIST,VIGENTE) VALUES ('15','10','26','SAN JOAQUIN','1');
INSERT INTO SYSCANVAS.T_DISTRITO (CODDPTO,CODPROV,CODDIST,DESDIST,VIGENTE) VALUES ('15','10','27','SAN PEDRO DE PILAS','1');
INSERT INTO SYSCANVAS.T_DISTRITO (CODDPTO,CODPROV,CODDIST,DESDIST,VIGENTE) VALUES ('15','10','28','TANTA','1');
INSERT INTO SYSCANVAS.T_DISTRITO (CODDPTO,CODPROV,CODDIST,DESDIST,VIGENTE) VALUES ('15','10','29','TAURIPAMPA','1');
INSERT INTO SYSCANVAS.T_DISTRITO (CODDPTO,CODPROV,CODDIST,DESDIST,VIGENTE) VALUES ('15','10','30','TOMAS','1');
INSERT INTO SYSCANVAS.T_DISTRITO (CODDPTO,CODPROV,CODDIST,DESDIST,VIGENTE) VALUES ('15','10','31','TUPE','1');
INSERT INTO SYSCANVAS.T_DISTRITO (CODDPTO,CODPROV,CODDIST,DESDIST,VIGENTE) VALUES ('15','10','32','VIÑAC','1');
INSERT INTO SYSCANVAS.T_DISTRITO (CODDPTO,CODPROV,CODDIST,DESDIST,VIGENTE) VALUES ('15','10','33','VITIS','1');
INSERT INTO SYSCANVAS.T_DISTRITO (CODDPTO,CODPROV,CODDIST,DESDIST,VIGENTE) VALUES ('16','01','01','IQUITOS','1');
INSERT INTO SYSCANVAS.T_DISTRITO (CODDPTO,CODPROV,CODDIST,DESDIST,VIGENTE) VALUES ('16','01','02','ALTO NANAY','1');
INSERT INTO SYSCANVAS.T_DISTRITO (CODDPTO,CODPROV,CODDIST,DESDIST,VIGENTE) VALUES ('16','01','03','FERNANDO LORES','1');
INSERT INTO SYSCANVAS.T_DISTRITO (CODDPTO,CODPROV,CODDIST,DESDIST,VIGENTE) VALUES ('16','01','04','INDIANA','1');
INSERT INTO SYSCANVAS.T_DISTRITO (CODDPTO,CODPROV,CODDIST,DESDIST,VIGENTE) VALUES ('16','01','05','LAS AMAZONAS','1');
INSERT INTO SYSCANVAS.T_DISTRITO (CODDPTO,CODPROV,CODDIST,DESDIST,VIGENTE) VALUES ('16','01','06','MAZAN','1');
INSERT INTO SYSCANVAS.T_DISTRITO (CODDPTO,CODPROV,CODDIST,DESDIST,VIGENTE) VALUES ('16','01','07','NAPO','1');
INSERT INTO SYSCANVAS.T_DISTRITO (CODDPTO,CODPROV,CODDIST,DESDIST,VIGENTE) VALUES ('16','01','08','PUNCHANA','1');
INSERT INTO SYSCANVAS.T_DISTRITO (CODDPTO,CODPROV,CODDIST,DESDIST,VIGENTE) VALUES ('16','01','09','PUTUMAYO','1');
INSERT INTO SYSCANVAS.T_DISTRITO (CODDPTO,CODPROV,CODDIST,DESDIST,VIGENTE) VALUES ('16','01','10','TORRES CAUSANA','1');
INSERT INTO SYSCANVAS.T_DISTRITO (CODDPTO,CODPROV,CODDIST,DESDIST,VIGENTE) VALUES ('16','01','11','YAQUERANA','1');
INSERT INTO SYSCANVAS.T_DISTRITO (CODDPTO,CODPROV,CODDIST,DESDIST,VIGENTE) VALUES ('16','01','12','BELEN','1');
INSERT INTO SYSCANVAS.T_DISTRITO (CODDPTO,CODPROV,CODDIST,DESDIST,VIGENTE) VALUES ('16','01','13','SAN JUAN BAUTISTA','1');
INSERT INTO SYSCANVAS.T_DISTRITO (CODDPTO,CODPROV,CODDIST,DESDIST,VIGENTE) VALUES ('16','01','14','TENIENTE MANUEL CLAV','1');
INSERT INTO SYSCANVAS.T_DISTRITO (CODDPTO,CODPROV,CODDIST,DESDIST,VIGENTE) VALUES ('16','02','01','YURIMAGUAS','1');
INSERT INTO SYSCANVAS.T_DISTRITO (CODDPTO,CODPROV,CODDIST,DESDIST,VIGENTE) VALUES ('16','02','02','BALSAPUERTO','1');
INSERT INTO SYSCANVAS.T_DISTRITO (CODDPTO,CODPROV,CODDIST,DESDIST,VIGENTE) VALUES ('16','02','03','BARRANCA','1');
INSERT INTO SYSCANVAS.T_DISTRITO (CODDPTO,CODPROV,CODDIST,DESDIST,VIGENTE) VALUES ('16','02','04','CAHUAPANAS','1');
INSERT INTO SYSCANVAS.T_DISTRITO (CODDPTO,CODPROV,CODDIST,DESDIST,VIGENTE) VALUES ('16','02','05','JEBEROS','1');
INSERT INTO SYSCANVAS.T_DISTRITO (CODDPTO,CODPROV,CODDIST,DESDIST,VIGENTE) VALUES ('16','02','06','LAGUNAS','1');
INSERT INTO SYSCANVAS.T_DISTRITO (CODDPTO,CODPROV,CODDIST,DESDIST,VIGENTE) VALUES ('16','02','07','MANSERICHE','1');
INSERT INTO SYSCANVAS.T_DISTRITO (CODDPTO,CODPROV,CODDIST,DESDIST,VIGENTE) VALUES ('16','02','08','MORONA','1');
INSERT INTO SYSCANVAS.T_DISTRITO (CODDPTO,CODPROV,CODDIST,DESDIST,VIGENTE) VALUES ('16','02','09','PASTAZA','1');
INSERT INTO SYSCANVAS.T_DISTRITO (CODDPTO,CODPROV,CODDIST,DESDIST,VIGENTE) VALUES ('16','02','10','SANTA CRUZ','1');
INSERT INTO SYSCANVAS.T_DISTRITO (CODDPTO,CODPROV,CODDIST,DESDIST,VIGENTE) VALUES ('16','02','11','TENIENTE CESAR LOPEZ','1');
INSERT INTO SYSCANVAS.T_DISTRITO (CODDPTO,CODPROV,CODDIST,DESDIST,VIGENTE) VALUES ('16','03','01','NAUTA','1');
INSERT INTO SYSCANVAS.T_DISTRITO (CODDPTO,CODPROV,CODDIST,DESDIST,VIGENTE) VALUES ('16','03','02','PARINARI','1');
INSERT INTO SYSCANVAS.T_DISTRITO (CODDPTO,CODPROV,CODDIST,DESDIST,VIGENTE) VALUES ('16','03','03','TIGRE','1');
INSERT INTO SYSCANVAS.T_DISTRITO (CODDPTO,CODPROV,CODDIST,DESDIST,VIGENTE) VALUES ('16','03','04','TROMPETEROS','1');
INSERT INTO SYSCANVAS.T_DISTRITO (CODDPTO,CODPROV,CODDIST,DESDIST,VIGENTE) VALUES ('16','03','05','URARINAS','1');
INSERT INTO SYSCANVAS.T_DISTRITO (CODDPTO,CODPROV,CODDIST,DESDIST,VIGENTE) VALUES ('16','04','01','RAMON CASTILLA','1');
INSERT INTO SYSCANVAS.T_DISTRITO (CODDPTO,CODPROV,CODDIST,DESDIST,VIGENTE) VALUES ('16','04','02','PEBAS','1');
INSERT INTO SYSCANVAS.T_DISTRITO (CODDPTO,CODPROV,CODDIST,DESDIST,VIGENTE) VALUES ('16','04','03','YAVARI','1');
INSERT INTO SYSCANVAS.T_DISTRITO (CODDPTO,CODPROV,CODDIST,DESDIST,VIGENTE) VALUES ('16','04','04','SAN PABLO','1');
INSERT INTO SYSCANVAS.T_DISTRITO (CODDPTO,CODPROV,CODDIST,DESDIST,VIGENTE) VALUES ('16','05','01','REQUENA','1');
INSERT INTO SYSCANVAS.T_DISTRITO (CODDPTO,CODPROV,CODDIST,DESDIST,VIGENTE) VALUES ('16','05','02','ALTO TAPICHE','1');
INSERT INTO SYSCANVAS.T_DISTRITO (CODDPTO,CODPROV,CODDIST,DESDIST,VIGENTE) VALUES ('16','05','03','CAPELO','1');
INSERT INTO SYSCANVAS.T_DISTRITO (CODDPTO,CODPROV,CODDIST,DESDIST,VIGENTE) VALUES ('16','05','04','EMILIO SAN MARTIN','1');
INSERT INTO SYSCANVAS.T_DISTRITO (CODDPTO,CODPROV,CODDIST,DESDIST,VIGENTE) VALUES ('16','05','05','MAQUIA','1');
INSERT INTO SYSCANVAS.T_DISTRITO (CODDPTO,CODPROV,CODDIST,DESDIST,VIGENTE) VALUES ('16','05','06','PUINAHUA','1');
INSERT INTO SYSCANVAS.T_DISTRITO (CODDPTO,CODPROV,CODDIST,DESDIST,VIGENTE) VALUES ('16','05','07','SAQUENA','1');
INSERT INTO SYSCANVAS.T_DISTRITO (CODDPTO,CODPROV,CODDIST,DESDIST,VIGENTE) VALUES ('16','05','08','SOPLIN','1');
INSERT INTO SYSCANVAS.T_DISTRITO (CODDPTO,CODPROV,CODDIST,DESDIST,VIGENTE) VALUES ('16','05','09','TAPICHE','1');
INSERT INTO SYSCANVAS.T_DISTRITO (CODDPTO,CODPROV,CODDIST,DESDIST,VIGENTE) VALUES ('16','05','10','JENARO HERRERA','1');
INSERT INTO SYSCANVAS.T_DISTRITO (CODDPTO,CODPROV,CODDIST,DESDIST,VIGENTE) VALUES ('16','05','11','YAQUERANA','1');
INSERT INTO SYSCANVAS.T_DISTRITO (CODDPTO,CODPROV,CODDIST,DESDIST,VIGENTE) VALUES ('16','06','01','CONTAMANA','1');
INSERT INTO SYSCANVAS.T_DISTRITO (CODDPTO,CODPROV,CODDIST,DESDIST,VIGENTE) VALUES ('16','06','02','INAHUAYA','1');
INSERT INTO SYSCANVAS.T_DISTRITO (CODDPTO,CODPROV,CODDIST,DESDIST,VIGENTE) VALUES ('16','06','03','PADRE MARQUEZ','1');
INSERT INTO SYSCANVAS.T_DISTRITO (CODDPTO,CODPROV,CODDIST,DESDIST,VIGENTE) VALUES ('16','06','04','PAMPA HERMOSA','1');
INSERT INTO SYSCANVAS.T_DISTRITO (CODDPTO,CODPROV,CODDIST,DESDIST,VIGENTE) VALUES ('16','06','05','SARAYACU','1');
INSERT INTO SYSCANVAS.T_DISTRITO (CODDPTO,CODPROV,CODDIST,DESDIST,VIGENTE) VALUES ('16','06','06','VARGAS GUERRA','1');
INSERT INTO SYSCANVAS.T_DISTRITO (CODDPTO,CODPROV,CODDIST,DESDIST,VIGENTE) VALUES ('16','07','01','BARRANCA','1');
INSERT INTO SYSCANVAS.T_DISTRITO (CODDPTO,CODPROV,CODDIST,DESDIST,VIGENTE) VALUES ('16','07','02','CAHUAPANAS','1');
INSERT INTO SYSCANVAS.T_DISTRITO (CODDPTO,CODPROV,CODDIST,DESDIST,VIGENTE) VALUES ('16','07','03','MANSERICHE','1');
INSERT INTO SYSCANVAS.T_DISTRITO (CODDPTO,CODPROV,CODDIST,DESDIST,VIGENTE) VALUES ('16','07','04','MORONA','1');
INSERT INTO SYSCANVAS.T_DISTRITO (CODDPTO,CODPROV,CODDIST,DESDIST,VIGENTE) VALUES ('16','07','05','PASTAZA','1');
INSERT INTO SYSCANVAS.T_DISTRITO (CODDPTO,CODPROV,CODDIST,DESDIST,VIGENTE) VALUES ('16','07','06','ANDOAS','1');
INSERT INTO SYSCANVAS.T_DISTRITO (CODDPTO,CODPROV,CODDIST,DESDIST,VIGENTE) VALUES ('17','01','01','TAMBOPATA','1');
INSERT INTO SYSCANVAS.T_DISTRITO (CODDPTO,CODPROV,CODDIST,DESDIST,VIGENTE) VALUES ('17','01','02','INAMBARI','1');
INSERT INTO SYSCANVAS.T_DISTRITO (CODDPTO,CODPROV,CODDIST,DESDIST,VIGENTE) VALUES ('17','01','03','LAS PIEDRAS','1');
INSERT INTO SYSCANVAS.T_DISTRITO (CODDPTO,CODPROV,CODDIST,DESDIST,VIGENTE) VALUES ('17','01','04','LABERINTO','1');
INSERT INTO SYSCANVAS.T_DISTRITO (CODDPTO,CODPROV,CODDIST,DESDIST,VIGENTE) VALUES ('17','02','01','MANU','1');
INSERT INTO SYSCANVAS.T_DISTRITO (CODDPTO,CODPROV,CODDIST,DESDIST,VIGENTE) VALUES ('17','02','02','FITZCARRALD','1');
INSERT INTO SYSCANVAS.T_DISTRITO (CODDPTO,CODPROV,CODDIST,DESDIST,VIGENTE) VALUES ('17','02','03','MADRE DE DIOS','1');
INSERT INTO SYSCANVAS.T_DISTRITO (CODDPTO,CODPROV,CODDIST,DESDIST,VIGENTE) VALUES ('17','02','04','HUEPETUHE','1');
INSERT INTO SYSCANVAS.T_DISTRITO (CODDPTO,CODPROV,CODDIST,DESDIST,VIGENTE) VALUES ('17','03','01','IÑAPARI','1');
INSERT INTO SYSCANVAS.T_DISTRITO (CODDPTO,CODPROV,CODDIST,DESDIST,VIGENTE) VALUES ('17','03','02','IBERIA','1');
INSERT INTO SYSCANVAS.T_DISTRITO (CODDPTO,CODPROV,CODDIST,DESDIST,VIGENTE) VALUES ('17','03','03','TAHUAMANU','1');
INSERT INTO SYSCANVAS.T_DISTRITO (CODDPTO,CODPROV,CODDIST,DESDIST,VIGENTE) VALUES ('18','01','01','MOQUEGUA','1');
INSERT INTO SYSCANVAS.T_DISTRITO (CODDPTO,CODPROV,CODDIST,DESDIST,VIGENTE) VALUES ('18','01','02','CARUMAS','1');
INSERT INTO SYSCANVAS.T_DISTRITO (CODDPTO,CODPROV,CODDIST,DESDIST,VIGENTE) VALUES ('18','01','03','CUCHUMBAYA','1');
INSERT INTO SYSCANVAS.T_DISTRITO (CODDPTO,CODPROV,CODDIST,DESDIST,VIGENTE) VALUES ('18','01','04','SAMEGUA','1');
INSERT INTO SYSCANVAS.T_DISTRITO (CODDPTO,CODPROV,CODDIST,DESDIST,VIGENTE) VALUES ('18','01','05','SAN CRISTOBAL','1');
INSERT INTO SYSCANVAS.T_DISTRITO (CODDPTO,CODPROV,CODDIST,DESDIST,VIGENTE) VALUES ('18','01','06','TORATA','1');
INSERT INTO SYSCANVAS.T_DISTRITO (CODDPTO,CODPROV,CODDIST,DESDIST,VIGENTE) VALUES ('18','02','01','OMATE','1');
INSERT INTO SYSCANVAS.T_DISTRITO (CODDPTO,CODPROV,CODDIST,DESDIST,VIGENTE) VALUES ('18','02','02','CHOJATA','1');
INSERT INTO SYSCANVAS.T_DISTRITO (CODDPTO,CODPROV,CODDIST,DESDIST,VIGENTE) VALUES ('18','02','03','COALAQUE','1');
INSERT INTO SYSCANVAS.T_DISTRITO (CODDPTO,CODPROV,CODDIST,DESDIST,VIGENTE) VALUES ('18','02','04','ICHUÑA','1');
INSERT INTO SYSCANVAS.T_DISTRITO (CODDPTO,CODPROV,CODDIST,DESDIST,VIGENTE) VALUES ('18','02','05','LA CAPILLA','1');
INSERT INTO SYSCANVAS.T_DISTRITO (CODDPTO,CODPROV,CODDIST,DESDIST,VIGENTE) VALUES ('18','02','06','LLOQUE','1');
INSERT INTO SYSCANVAS.T_DISTRITO (CODDPTO,CODPROV,CODDIST,DESDIST,VIGENTE) VALUES ('18','02','07','MATALAQUE','1');
INSERT INTO SYSCANVAS.T_DISTRITO (CODDPTO,CODPROV,CODDIST,DESDIST,VIGENTE) VALUES ('18','02','08','PUQUINA','1');
INSERT INTO SYSCANVAS.T_DISTRITO (CODDPTO,CODPROV,CODDIST,DESDIST,VIGENTE) VALUES ('18','02','09','QUINISTAQUILLAS','1');
INSERT INTO SYSCANVAS.T_DISTRITO (CODDPTO,CODPROV,CODDIST,DESDIST,VIGENTE) VALUES ('18','02','10','UBINAS','1');
INSERT INTO SYSCANVAS.T_DISTRITO (CODDPTO,CODPROV,CODDIST,DESDIST,VIGENTE) VALUES ('18','02','11','YUNGA','1');
INSERT INTO SYSCANVAS.T_DISTRITO (CODDPTO,CODPROV,CODDIST,DESDIST,VIGENTE) VALUES ('18','03','01','ILO','1');
INSERT INTO SYSCANVAS.T_DISTRITO (CODDPTO,CODPROV,CODDIST,DESDIST,VIGENTE) VALUES ('18','03','02','EL ALGARROBAL','1');
INSERT INTO SYSCANVAS.T_DISTRITO (CODDPTO,CODPROV,CODDIST,DESDIST,VIGENTE) VALUES ('18','03','03','PACOCHA','1');
INSERT INTO SYSCANVAS.T_DISTRITO (CODDPTO,CODPROV,CODDIST,DESDIST,VIGENTE) VALUES ('19','01','01','CHAUPIMARCA','1');
INSERT INTO SYSCANVAS.T_DISTRITO (CODDPTO,CODPROV,CODDIST,DESDIST,VIGENTE) VALUES ('19','01','02','HUACHON','1');
INSERT INTO SYSCANVAS.T_DISTRITO (CODDPTO,CODPROV,CODDIST,DESDIST,VIGENTE) VALUES ('19','01','03','HUARIACA','1');
INSERT INTO SYSCANVAS.T_DISTRITO (CODDPTO,CODPROV,CODDIST,DESDIST,VIGENTE) VALUES ('19','01','04','HUAYLLAY','1');
INSERT INTO SYSCANVAS.T_DISTRITO (CODDPTO,CODPROV,CODDIST,DESDIST,VIGENTE) VALUES ('19','01','05','NINACACA','1');
INSERT INTO SYSCANVAS.T_DISTRITO (CODDPTO,CODPROV,CODDIST,DESDIST,VIGENTE) VALUES ('19','01','06','PALLANCHACRA','1');
INSERT INTO SYSCANVAS.T_DISTRITO (CODDPTO,CODPROV,CODDIST,DESDIST,VIGENTE) VALUES ('19','01','07','PAUCARTAMBO','1');
INSERT INTO SYSCANVAS.T_DISTRITO (CODDPTO,CODPROV,CODDIST,DESDIST,VIGENTE) VALUES ('19','01','08','SAN FCO.DE ASIS DE Y','1');
INSERT INTO SYSCANVAS.T_DISTRITO (CODDPTO,CODPROV,CODDIST,DESDIST,VIGENTE) VALUES ('19','01','09','SIMON BOLIVAR','1');
INSERT INTO SYSCANVAS.T_DISTRITO (CODDPTO,CODPROV,CODDIST,DESDIST,VIGENTE) VALUES ('19','01','10','TICLACAYAN','1');
INSERT INTO SYSCANVAS.T_DISTRITO (CODDPTO,CODPROV,CODDIST,DESDIST,VIGENTE) VALUES ('19','01','11','TINYAHUARCO','1');
INSERT INTO SYSCANVAS.T_DISTRITO (CODDPTO,CODPROV,CODDIST,DESDIST,VIGENTE) VALUES ('19','01','12','VICCO','1');
INSERT INTO SYSCANVAS.T_DISTRITO (CODDPTO,CODPROV,CODDIST,DESDIST,VIGENTE) VALUES ('19','01','13','YANACANCHA','1');
INSERT INTO SYSCANVAS.T_DISTRITO (CODDPTO,CODPROV,CODDIST,DESDIST,VIGENTE) VALUES ('19','02','01','YANAHUANCA','1');
INSERT INTO SYSCANVAS.T_DISTRITO (CODDPTO,CODPROV,CODDIST,DESDIST,VIGENTE) VALUES ('19','02','02','CHACAYAN','1');
INSERT INTO SYSCANVAS.T_DISTRITO (CODDPTO,CODPROV,CODDIST,DESDIST,VIGENTE) VALUES ('19','02','03','GOYLLARISQUIZGA','1');
INSERT INTO SYSCANVAS.T_DISTRITO (CODDPTO,CODPROV,CODDIST,DESDIST,VIGENTE) VALUES ('19','02','04','PAUCAR','1');
INSERT INTO SYSCANVAS.T_DISTRITO (CODDPTO,CODPROV,CODDIST,DESDIST,VIGENTE) VALUES ('19','02','05','SAN PEDRO DE PILLAO','1');
INSERT INTO SYSCANVAS.T_DISTRITO (CODDPTO,CODPROV,CODDIST,DESDIST,VIGENTE) VALUES ('19','02','06','SANTA ANA DE TUSI','1');
INSERT INTO SYSCANVAS.T_DISTRITO (CODDPTO,CODPROV,CODDIST,DESDIST,VIGENTE) VALUES ('19','02','07','TAPUC','1');
INSERT INTO SYSCANVAS.T_DISTRITO (CODDPTO,CODPROV,CODDIST,DESDIST,VIGENTE) VALUES ('19','02','08','VILCABAMBA','1');
INSERT INTO SYSCANVAS.T_DISTRITO (CODDPTO,CODPROV,CODDIST,DESDIST,VIGENTE) VALUES ('19','03','01','OXAPAMPA','1');
INSERT INTO SYSCANVAS.T_DISTRITO (CODDPTO,CODPROV,CODDIST,DESDIST,VIGENTE) VALUES ('19','03','02','CHONTABAMBA','1');
INSERT INTO SYSCANVAS.T_DISTRITO (CODDPTO,CODPROV,CODDIST,DESDIST,VIGENTE) VALUES ('19','03','03','HUANCABAMBA','1');
INSERT INTO SYSCANVAS.T_DISTRITO (CODDPTO,CODPROV,CODDIST,DESDIST,VIGENTE) VALUES ('19','03','04','PALCAZU','1');
INSERT INTO SYSCANVAS.T_DISTRITO (CODDPTO,CODPROV,CODDIST,DESDIST,VIGENTE) VALUES ('19','03','05','POZUZO','1');
INSERT INTO SYSCANVAS.T_DISTRITO (CODDPTO,CODPROV,CODDIST,DESDIST,VIGENTE) VALUES ('19','03','06','PUERTO BERMUDEZ','1');
INSERT INTO SYSCANVAS.T_DISTRITO (CODDPTO,CODPROV,CODDIST,DESDIST,VIGENTE) VALUES ('19','03','07','VILLA RICA','1');
INSERT INTO SYSCANVAS.T_DISTRITO (CODDPTO,CODPROV,CODDIST,DESDIST,VIGENTE) VALUES ('20','01','01','PIURA','1');
INSERT INTO SYSCANVAS.T_DISTRITO (CODDPTO,CODPROV,CODDIST,DESDIST,VIGENTE) VALUES ('20','01','04','CASTILLA','1');
INSERT INTO SYSCANVAS.T_DISTRITO (CODDPTO,CODPROV,CODDIST,DESDIST,VIGENTE) VALUES ('20','01','05','CATACAOS','1');
INSERT INTO SYSCANVAS.T_DISTRITO (CODDPTO,CODPROV,CODDIST,DESDIST,VIGENTE) VALUES ('20','01','07','CURA MORI','1');
INSERT INTO SYSCANVAS.T_DISTRITO (CODDPTO,CODPROV,CODDIST,DESDIST,VIGENTE) VALUES ('20','01','08','EL TALLAN','1');
INSERT INTO SYSCANVAS.T_DISTRITO (CODDPTO,CODPROV,CODDIST,DESDIST,VIGENTE) VALUES ('20','01','09','LA ARENA','1');
INSERT INTO SYSCANVAS.T_DISTRITO (CODDPTO,CODPROV,CODDIST,DESDIST,VIGENTE) VALUES ('20','01','10','LA UNION','1');
INSERT INTO SYSCANVAS.T_DISTRITO (CODDPTO,CODPROV,CODDIST,DESDIST,VIGENTE) VALUES ('20','01','11','LAS LOMAS','1');
INSERT INTO SYSCANVAS.T_DISTRITO (CODDPTO,CODPROV,CODDIST,DESDIST,VIGENTE) VALUES ('20','01','14','TAMBO GRANDE','1');
INSERT INTO SYSCANVAS.T_DISTRITO (CODDPTO,CODPROV,CODDIST,DESDIST,VIGENTE) VALUES ('20','02','01','AYABACA','1');
INSERT INTO SYSCANVAS.T_DISTRITO (CODDPTO,CODPROV,CODDIST,DESDIST,VIGENTE) VALUES ('20','02','02','FRIAS','1');
INSERT INTO SYSCANVAS.T_DISTRITO (CODDPTO,CODPROV,CODDIST,DESDIST,VIGENTE) VALUES ('20','02','03','JILILI','1');
INSERT INTO SYSCANVAS.T_DISTRITO (CODDPTO,CODPROV,CODDIST,DESDIST,VIGENTE) VALUES ('20','02','04','LAGUNAS','1');
INSERT INTO SYSCANVAS.T_DISTRITO (CODDPTO,CODPROV,CODDIST,DESDIST,VIGENTE) VALUES ('20','02','05','MONTERO','1');
INSERT INTO SYSCANVAS.T_DISTRITO (CODDPTO,CODPROV,CODDIST,DESDIST,VIGENTE) VALUES ('20','02','06','PACAIPAMPA','1');
INSERT INTO SYSCANVAS.T_DISTRITO (CODDPTO,CODPROV,CODDIST,DESDIST,VIGENTE) VALUES ('20','02','07','PAIMAS','1');
INSERT INTO SYSCANVAS.T_DISTRITO (CODDPTO,CODPROV,CODDIST,DESDIST,VIGENTE) VALUES ('20','02','08','SAPILLICA','1');
INSERT INTO SYSCANVAS.T_DISTRITO (CODDPTO,CODPROV,CODDIST,DESDIST,VIGENTE) VALUES ('20','02','09','SICCHEZ','1');
INSERT INTO SYSCANVAS.T_DISTRITO (CODDPTO,CODPROV,CODDIST,DESDIST,VIGENTE) VALUES ('20','02','10','SUYO','1');
INSERT INTO SYSCANVAS.T_DISTRITO (CODDPTO,CODPROV,CODDIST,DESDIST,VIGENTE) VALUES ('20','03','01','HUANCABAMBA','1');
INSERT INTO SYSCANVAS.T_DISTRITO (CODDPTO,CODPROV,CODDIST,DESDIST,VIGENTE) VALUES ('20','03','02','CANCHAQUE','1');
INSERT INTO SYSCANVAS.T_DISTRITO (CODDPTO,CODPROV,CODDIST,DESDIST,VIGENTE) VALUES ('20','03','03','EL CARMEN DE LA FRON','1');
INSERT INTO SYSCANVAS.T_DISTRITO (CODDPTO,CODPROV,CODDIST,DESDIST,VIGENTE) VALUES ('20','03','04','HUARMACA','1');
INSERT INTO SYSCANVAS.T_DISTRITO (CODDPTO,CODPROV,CODDIST,DESDIST,VIGENTE) VALUES ('20','03','05','LALAQUIZ','1');
INSERT INTO SYSCANVAS.T_DISTRITO (CODDPTO,CODPROV,CODDIST,DESDIST,VIGENTE) VALUES ('20','03','06','SAN MIGUEL DE EL FAI','1');
INSERT INTO SYSCANVAS.T_DISTRITO (CODDPTO,CODPROV,CODDIST,DESDIST,VIGENTE) VALUES ('20','03','07','SONDOR','1');
INSERT INTO SYSCANVAS.T_DISTRITO (CODDPTO,CODPROV,CODDIST,DESDIST,VIGENTE) VALUES ('20','03','08','SONDORILLO','1');
INSERT INTO SYSCANVAS.T_DISTRITO (CODDPTO,CODPROV,CODDIST,DESDIST,VIGENTE) VALUES ('20','04','01','CHULUCANAS','1');
INSERT INTO SYSCANVAS.T_DISTRITO (CODDPTO,CODPROV,CODDIST,DESDIST,VIGENTE) VALUES ('20','04','02','BUENOS AIRES','1');
INSERT INTO SYSCANVAS.T_DISTRITO (CODDPTO,CODPROV,CODDIST,DESDIST,VIGENTE) VALUES ('20','04','03','CHALACO','1');
INSERT INTO SYSCANVAS.T_DISTRITO (CODDPTO,CODPROV,CODDIST,DESDIST,VIGENTE) VALUES ('20','04','04','LA MATANZA','1');
INSERT INTO SYSCANVAS.T_DISTRITO (CODDPTO,CODPROV,CODDIST,DESDIST,VIGENTE) VALUES ('20','04','05','MORROPON','1');
INSERT INTO SYSCANVAS.T_DISTRITO (CODDPTO,CODPROV,CODDIST,DESDIST,VIGENTE) VALUES ('20','04','06','SALITRAL','1');
INSERT INTO SYSCANVAS.T_DISTRITO (CODDPTO,CODPROV,CODDIST,DESDIST,VIGENTE) VALUES ('20','04','07','SAN JUAN DE BIGOTE','1');
INSERT INTO SYSCANVAS.T_DISTRITO (CODDPTO,CODPROV,CODDIST,DESDIST,VIGENTE) VALUES ('20','04','08','SANTA CATALINA DE MO','1');
INSERT INTO SYSCANVAS.T_DISTRITO (CODDPTO,CODPROV,CODDIST,DESDIST,VIGENTE) VALUES ('20','04','09','SANTO DOMINGO','1');
INSERT INTO SYSCANVAS.T_DISTRITO (CODDPTO,CODPROV,CODDIST,DESDIST,VIGENTE) VALUES ('20','04','10','YAMANGO','1');
INSERT INTO SYSCANVAS.T_DISTRITO (CODDPTO,CODPROV,CODDIST,DESDIST,VIGENTE) VALUES ('20','05','01','PAITA','1');
INSERT INTO SYSCANVAS.T_DISTRITO (CODDPTO,CODPROV,CODDIST,DESDIST,VIGENTE) VALUES ('20','05','02','AMOTAPE','1');
INSERT INTO SYSCANVAS.T_DISTRITO (CODDPTO,CODPROV,CODDIST,DESDIST,VIGENTE) VALUES ('20','05','03','ARENAL','1');
INSERT INTO SYSCANVAS.T_DISTRITO (CODDPTO,CODPROV,CODDIST,DESDIST,VIGENTE) VALUES ('20','05','04','COLAN','1');
INSERT INTO SYSCANVAS.T_DISTRITO (CODDPTO,CODPROV,CODDIST,DESDIST,VIGENTE) VALUES ('20','05','05','LA HUACA','1');
INSERT INTO SYSCANVAS.T_DISTRITO (CODDPTO,CODPROV,CODDIST,DESDIST,VIGENTE) VALUES ('20','05','06','TAMARINDO','1');
INSERT INTO SYSCANVAS.T_DISTRITO (CODDPTO,CODPROV,CODDIST,DESDIST,VIGENTE) VALUES ('20','05','07','VICHAYAL','1');
INSERT INTO SYSCANVAS.T_DISTRITO (CODDPTO,CODPROV,CODDIST,DESDIST,VIGENTE) VALUES ('20','06','01','SULLANA','1');
INSERT INTO SYSCANVAS.T_DISTRITO (CODDPTO,CODPROV,CODDIST,DESDIST,VIGENTE) VALUES ('20','06','02','BELLAVISTA','1');
INSERT INTO SYSCANVAS.T_DISTRITO (CODDPTO,CODPROV,CODDIST,DESDIST,VIGENTE) VALUES ('20','06','03','IGNACIO ESCUDERO','1');
INSERT INTO SYSCANVAS.T_DISTRITO (CODDPTO,CODPROV,CODDIST,DESDIST,VIGENTE) VALUES ('20','06','04','LANCONES','1');
INSERT INTO SYSCANVAS.T_DISTRITO (CODDPTO,CODPROV,CODDIST,DESDIST,VIGENTE) VALUES ('20','06','05','MARCAVELICA','1');
INSERT INTO SYSCANVAS.T_DISTRITO (CODDPTO,CODPROV,CODDIST,DESDIST,VIGENTE) VALUES ('20','06','06','MIGUEL CHECA','1');
INSERT INTO SYSCANVAS.T_DISTRITO (CODDPTO,CODPROV,CODDIST,DESDIST,VIGENTE) VALUES ('20','06','07','QUERECOTILLO','1');
INSERT INTO SYSCANVAS.T_DISTRITO (CODDPTO,CODPROV,CODDIST,DESDIST,VIGENTE) VALUES ('20','06','08','SALITRAL','1');
INSERT INTO SYSCANVAS.T_DISTRITO (CODDPTO,CODPROV,CODDIST,DESDIST,VIGENTE) VALUES ('20','07','01','PARIÑAS','1');
INSERT INTO SYSCANVAS.T_DISTRITO (CODDPTO,CODPROV,CODDIST,DESDIST,VIGENTE) VALUES ('20','07','02','EL ALTO','1');
INSERT INTO SYSCANVAS.T_DISTRITO (CODDPTO,CODPROV,CODDIST,DESDIST,VIGENTE) VALUES ('20','07','03','LA BREA','1');
INSERT INTO SYSCANVAS.T_DISTRITO (CODDPTO,CODPROV,CODDIST,DESDIST,VIGENTE) VALUES ('20','07','04','LOBITOS','1');
INSERT INTO SYSCANVAS.T_DISTRITO (CODDPTO,CODPROV,CODDIST,DESDIST,VIGENTE) VALUES ('20','07','05','LOS ORGANOS','1');
INSERT INTO SYSCANVAS.T_DISTRITO (CODDPTO,CODPROV,CODDIST,DESDIST,VIGENTE) VALUES ('20','07','06','MANCORA','1');
INSERT INTO SYSCANVAS.T_DISTRITO (CODDPTO,CODPROV,CODDIST,DESDIST,VIGENTE) VALUES ('20','08','01','SECHURA','1');
INSERT INTO SYSCANVAS.T_DISTRITO (CODDPTO,CODPROV,CODDIST,DESDIST,VIGENTE) VALUES ('20','08','02','BELLAVISTA DE LA UNI','1');
INSERT INTO SYSCANVAS.T_DISTRITO (CODDPTO,CODPROV,CODDIST,DESDIST,VIGENTE) VALUES ('20','08','03','BERNAL','1');
INSERT INTO SYSCANVAS.T_DISTRITO (CODDPTO,CODPROV,CODDIST,DESDIST,VIGENTE) VALUES ('20','08','04','CRISTO NOS VALGA','1');
INSERT INTO SYSCANVAS.T_DISTRITO (CODDPTO,CODPROV,CODDIST,DESDIST,VIGENTE) VALUES ('20','08','05','VICE','1');
INSERT INTO SYSCANVAS.T_DISTRITO (CODDPTO,CODPROV,CODDIST,DESDIST,VIGENTE) VALUES ('20','08','06','RINCONADA LLICUAR','1');
INSERT INTO SYSCANVAS.T_DISTRITO (CODDPTO,CODPROV,CODDIST,DESDIST,VIGENTE) VALUES ('21','01','01','PUNO','1');
INSERT INTO SYSCANVAS.T_DISTRITO (CODDPTO,CODPROV,CODDIST,DESDIST,VIGENTE) VALUES ('21','01','02','ACORA','1');
INSERT INTO SYSCANVAS.T_DISTRITO (CODDPTO,CODPROV,CODDIST,DESDIST,VIGENTE) VALUES ('21','01','03','AMANTANI','1');
INSERT INTO SYSCANVAS.T_DISTRITO (CODDPTO,CODPROV,CODDIST,DESDIST,VIGENTE) VALUES ('21','01','04','ATUNCOLLA','1');
INSERT INTO SYSCANVAS.T_DISTRITO (CODDPTO,CODPROV,CODDIST,DESDIST,VIGENTE) VALUES ('21','01','05','CAPACHICA','1');
INSERT INTO SYSCANVAS.T_DISTRITO (CODDPTO,CODPROV,CODDIST,DESDIST,VIGENTE) VALUES ('21','01','06','CHUCUITO','1');
INSERT INTO SYSCANVAS.T_DISTRITO (CODDPTO,CODPROV,CODDIST,DESDIST,VIGENTE) VALUES ('21','01','07','COATA','1');
INSERT INTO SYSCANVAS.T_DISTRITO (CODDPTO,CODPROV,CODDIST,DESDIST,VIGENTE) VALUES ('21','01','08','HUATA','1');
INSERT INTO SYSCANVAS.T_DISTRITO (CODDPTO,CODPROV,CODDIST,DESDIST,VIGENTE) VALUES ('21','01','09','MAÑAZO','1');
INSERT INTO SYSCANVAS.T_DISTRITO (CODDPTO,CODPROV,CODDIST,DESDIST,VIGENTE) VALUES ('21','01','10','PAUCARCOLLA','1');
INSERT INTO SYSCANVAS.T_DISTRITO (CODDPTO,CODPROV,CODDIST,DESDIST,VIGENTE) VALUES ('21','01','11','PICHACANI','1');
INSERT INTO SYSCANVAS.T_DISTRITO (CODDPTO,CODPROV,CODDIST,DESDIST,VIGENTE) VALUES ('21','01','12','PLATERIA','1');
INSERT INTO SYSCANVAS.T_DISTRITO (CODDPTO,CODPROV,CODDIST,DESDIST,VIGENTE) VALUES ('21','01','13','SAN ANTONIO','1');
INSERT INTO SYSCANVAS.T_DISTRITO (CODDPTO,CODPROV,CODDIST,DESDIST,VIGENTE) VALUES ('21','01','14','TIQUILLACA','1');
INSERT INTO SYSCANVAS.T_DISTRITO (CODDPTO,CODPROV,CODDIST,DESDIST,VIGENTE) VALUES ('21','01','15','VILQUE','1');
INSERT INTO SYSCANVAS.T_DISTRITO (CODDPTO,CODPROV,CODDIST,DESDIST,VIGENTE) VALUES ('21','02','01','AZANGARO','1');
INSERT INTO SYSCANVAS.T_DISTRITO (CODDPTO,CODPROV,CODDIST,DESDIST,VIGENTE) VALUES ('21','02','02','ACHAYA','1');
INSERT INTO SYSCANVAS.T_DISTRITO (CODDPTO,CODPROV,CODDIST,DESDIST,VIGENTE) VALUES ('21','02','03','ARAPA','1');
INSERT INTO SYSCANVAS.T_DISTRITO (CODDPTO,CODPROV,CODDIST,DESDIST,VIGENTE) VALUES ('21','02','04','ASILLO','1');
INSERT INTO SYSCANVAS.T_DISTRITO (CODDPTO,CODPROV,CODDIST,DESDIST,VIGENTE) VALUES ('21','02','05','CAMINACA','1');
INSERT INTO SYSCANVAS.T_DISTRITO (CODDPTO,CODPROV,CODDIST,DESDIST,VIGENTE) VALUES ('21','02','06','CHUPA','1');
INSERT INTO SYSCANVAS.T_DISTRITO (CODDPTO,CODPROV,CODDIST,DESDIST,VIGENTE) VALUES ('21','02','07','JOSE DOMINGO CHOQUEH','1');
INSERT INTO SYSCANVAS.T_DISTRITO (CODDPTO,CODPROV,CODDIST,DESDIST,VIGENTE) VALUES ('21','02','08','MUÑANI','1');
INSERT INTO SYSCANVAS.T_DISTRITO (CODDPTO,CODPROV,CODDIST,DESDIST,VIGENTE) VALUES ('21','02','09','POTONI','1');
INSERT INTO SYSCANVAS.T_DISTRITO (CODDPTO,CODPROV,CODDIST,DESDIST,VIGENTE) VALUES ('21','02','10','SAMAN','1');
INSERT INTO SYSCANVAS.T_DISTRITO (CODDPTO,CODPROV,CODDIST,DESDIST,VIGENTE) VALUES ('21','02','11','SAN ANTON','1');
INSERT INTO SYSCANVAS.T_DISTRITO (CODDPTO,CODPROV,CODDIST,DESDIST,VIGENTE) VALUES ('21','02','12','SAN JOSE','1');
INSERT INTO SYSCANVAS.T_DISTRITO (CODDPTO,CODPROV,CODDIST,DESDIST,VIGENTE) VALUES ('21','02','13','SAN JUAN DE SALINAS','1');
INSERT INTO SYSCANVAS.T_DISTRITO (CODDPTO,CODPROV,CODDIST,DESDIST,VIGENTE) VALUES ('21','02','14','SANTIAGO DE PUPUJA','1');
INSERT INTO SYSCANVAS.T_DISTRITO (CODDPTO,CODPROV,CODDIST,DESDIST,VIGENTE) VALUES ('21','02','15','TIRAPATA','1');
INSERT INTO SYSCANVAS.T_DISTRITO (CODDPTO,CODPROV,CODDIST,DESDIST,VIGENTE) VALUES ('21','03','01','MACUSANI','1');
INSERT INTO SYSCANVAS.T_DISTRITO (CODDPTO,CODPROV,CODDIST,DESDIST,VIGENTE) VALUES ('21','03','02','AJOYANI','1');
INSERT INTO SYSCANVAS.T_DISTRITO (CODDPTO,CODPROV,CODDIST,DESDIST,VIGENTE) VALUES ('21','03','03','AYAPATA','1');
INSERT INTO SYSCANVAS.T_DISTRITO (CODDPTO,CODPROV,CODDIST,DESDIST,VIGENTE) VALUES ('21','03','04','COASA','1');
INSERT INTO SYSCANVAS.T_DISTRITO (CODDPTO,CODPROV,CODDIST,DESDIST,VIGENTE) VALUES ('21','03','05','CORANI','1');
INSERT INTO SYSCANVAS.T_DISTRITO (CODDPTO,CODPROV,CODDIST,DESDIST,VIGENTE) VALUES ('21','03','06','CRUCERO','1');
INSERT INTO SYSCANVAS.T_DISTRITO (CODDPTO,CODPROV,CODDIST,DESDIST,VIGENTE) VALUES ('21','03','07','ITUATA','1');
INSERT INTO SYSCANVAS.T_DISTRITO (CODDPTO,CODPROV,CODDIST,DESDIST,VIGENTE) VALUES ('21','03','08','OLLACHEA','1');
INSERT INTO SYSCANVAS.T_DISTRITO (CODDPTO,CODPROV,CODDIST,DESDIST,VIGENTE) VALUES ('21','03','09','SAN GABAN','1');
INSERT INTO SYSCANVAS.T_DISTRITO (CODDPTO,CODPROV,CODDIST,DESDIST,VIGENTE) VALUES ('21','03','10','USICAYOS','1');
INSERT INTO SYSCANVAS.T_DISTRITO (CODDPTO,CODPROV,CODDIST,DESDIST,VIGENTE) VALUES ('21','04','01','JULI','1');
INSERT INTO SYSCANVAS.T_DISTRITO (CODDPTO,CODPROV,CODDIST,DESDIST,VIGENTE) VALUES ('21','04','02','DESAGUADERO','1');
INSERT INTO SYSCANVAS.T_DISTRITO (CODDPTO,CODPROV,CODDIST,DESDIST,VIGENTE) VALUES ('21','04','03','HUACULLANI','1');
INSERT INTO SYSCANVAS.T_DISTRITO (CODDPTO,CODPROV,CODDIST,DESDIST,VIGENTE) VALUES ('21','04','04','KELLUYO','1');
INSERT INTO SYSCANVAS.T_DISTRITO (CODDPTO,CODPROV,CODDIST,DESDIST,VIGENTE) VALUES ('21','04','05','PISACOMA','1');
INSERT INTO SYSCANVAS.T_DISTRITO (CODDPTO,CODPROV,CODDIST,DESDIST,VIGENTE) VALUES ('21','04','06','POMATA','1');
INSERT INTO SYSCANVAS.T_DISTRITO (CODDPTO,CODPROV,CODDIST,DESDIST,VIGENTE) VALUES ('21','04','07','ZEPITA','1');
INSERT INTO SYSCANVAS.T_DISTRITO (CODDPTO,CODPROV,CODDIST,DESDIST,VIGENTE) VALUES ('21','05','01','ILAVE','1');
INSERT INTO SYSCANVAS.T_DISTRITO (CODDPTO,CODPROV,CODDIST,DESDIST,VIGENTE) VALUES ('21','05','02','CAPAZO','1');
INSERT INTO SYSCANVAS.T_DISTRITO (CODDPTO,CODPROV,CODDIST,DESDIST,VIGENTE) VALUES ('21','05','03','PILCUYO','1');
INSERT INTO SYSCANVAS.T_DISTRITO (CODDPTO,CODPROV,CODDIST,DESDIST,VIGENTE) VALUES ('21','05','04','SANTA ROSA','1');
INSERT INTO SYSCANVAS.T_DISTRITO (CODDPTO,CODPROV,CODDIST,DESDIST,VIGENTE) VALUES ('21','05','05','CONDURIRI','1');
INSERT INTO SYSCANVAS.T_DISTRITO (CODDPTO,CODPROV,CODDIST,DESDIST,VIGENTE) VALUES ('21','06','01','HUANCANE','1');
INSERT INTO SYSCANVAS.T_DISTRITO (CODDPTO,CODPROV,CODDIST,DESDIST,VIGENTE) VALUES ('21','06','02','COJATA','1');
INSERT INTO SYSCANVAS.T_DISTRITO (CODDPTO,CODPROV,CODDIST,DESDIST,VIGENTE) VALUES ('21','06','03','HUATASANI','1');
INSERT INTO SYSCANVAS.T_DISTRITO (CODDPTO,CODPROV,CODDIST,DESDIST,VIGENTE) VALUES ('21','06','04','INCHUPALLA','1');
INSERT INTO SYSCANVAS.T_DISTRITO (CODDPTO,CODPROV,CODDIST,DESDIST,VIGENTE) VALUES ('21','06','05','PUSI','1');
INSERT INTO SYSCANVAS.T_DISTRITO (CODDPTO,CODPROV,CODDIST,DESDIST,VIGENTE) VALUES ('21','06','06','ROSASPATA','1');
INSERT INTO SYSCANVAS.T_DISTRITO (CODDPTO,CODPROV,CODDIST,DESDIST,VIGENTE) VALUES ('21','06','07','TARACO','1');
INSERT INTO SYSCANVAS.T_DISTRITO (CODDPTO,CODPROV,CODDIST,DESDIST,VIGENTE) VALUES ('21','06','08','VILQUE CHICO','1');
INSERT INTO SYSCANVAS.T_DISTRITO (CODDPTO,CODPROV,CODDIST,DESDIST,VIGENTE) VALUES ('21','07','01','LAMPA','1');
INSERT INTO SYSCANVAS.T_DISTRITO (CODDPTO,CODPROV,CODDIST,DESDIST,VIGENTE) VALUES ('21','07','02','CABANILLA','1');
INSERT INTO SYSCANVAS.T_DISTRITO (CODDPTO,CODPROV,CODDIST,DESDIST,VIGENTE) VALUES ('21','07','03','CALAPUJA','1');
INSERT INTO SYSCANVAS.T_DISTRITO (CODDPTO,CODPROV,CODDIST,DESDIST,VIGENTE) VALUES ('21','07','04','NICASIO','1');
INSERT INTO SYSCANVAS.T_DISTRITO (CODDPTO,CODPROV,CODDIST,DESDIST,VIGENTE) VALUES ('21','07','05','OCUVIRI','1');
INSERT INTO SYSCANVAS.T_DISTRITO (CODDPTO,CODPROV,CODDIST,DESDIST,VIGENTE) VALUES ('21','07','06','PALCA','1');
INSERT INTO SYSCANVAS.T_DISTRITO (CODDPTO,CODPROV,CODDIST,DESDIST,VIGENTE) VALUES ('21','07','07','PARATIA','1');
INSERT INTO SYSCANVAS.T_DISTRITO (CODDPTO,CODPROV,CODDIST,DESDIST,VIGENTE) VALUES ('21','07','08','PUCARA','1');
INSERT INTO SYSCANVAS.T_DISTRITO (CODDPTO,CODPROV,CODDIST,DESDIST,VIGENTE) VALUES ('21','07','09','SANTA LUCIA','1');
INSERT INTO SYSCANVAS.T_DISTRITO (CODDPTO,CODPROV,CODDIST,DESDIST,VIGENTE) VALUES ('21','07','10','VILAVILA','1');
INSERT INTO SYSCANVAS.T_DISTRITO (CODDPTO,CODPROV,CODDIST,DESDIST,VIGENTE) VALUES ('21','08','01','AYAVIRI','1');
INSERT INTO SYSCANVAS.T_DISTRITO (CODDPTO,CODPROV,CODDIST,DESDIST,VIGENTE) VALUES ('21','08','02','ANTAUTA','1');
INSERT INTO SYSCANVAS.T_DISTRITO (CODDPTO,CODPROV,CODDIST,DESDIST,VIGENTE) VALUES ('21','08','03','CUPI','1');
INSERT INTO SYSCANVAS.T_DISTRITO (CODDPTO,CODPROV,CODDIST,DESDIST,VIGENTE) VALUES ('21','08','04','LLALLI','1');
INSERT INTO SYSCANVAS.T_DISTRITO (CODDPTO,CODPROV,CODDIST,DESDIST,VIGENTE) VALUES ('21','08','05','MACARI','1');
INSERT INTO SYSCANVAS.T_DISTRITO (CODDPTO,CODPROV,CODDIST,DESDIST,VIGENTE) VALUES ('21','08','06','NUÑOA','1');
INSERT INTO SYSCANVAS.T_DISTRITO (CODDPTO,CODPROV,CODDIST,DESDIST,VIGENTE) VALUES ('21','08','07','ORURILLO','1');
INSERT INTO SYSCANVAS.T_DISTRITO (CODDPTO,CODPROV,CODDIST,DESDIST,VIGENTE) VALUES ('21','08','08','SANTA ROSA','1');
INSERT INTO SYSCANVAS.T_DISTRITO (CODDPTO,CODPROV,CODDIST,DESDIST,VIGENTE) VALUES ('21','08','09','UMACHIRI','1');
INSERT INTO SYSCANVAS.T_DISTRITO (CODDPTO,CODPROV,CODDIST,DESDIST,VIGENTE) VALUES ('21','09','01','MOHO','1');
INSERT INTO SYSCANVAS.T_DISTRITO (CODDPTO,CODPROV,CODDIST,DESDIST,VIGENTE) VALUES ('21','09','02','CONIMA','1');
INSERT INTO SYSCANVAS.T_DISTRITO (CODDPTO,CODPROV,CODDIST,DESDIST,VIGENTE) VALUES ('21','09','03','HUAYRAPATA','1');
INSERT INTO SYSCANVAS.T_DISTRITO (CODDPTO,CODPROV,CODDIST,DESDIST,VIGENTE) VALUES ('21','09','04','TILALI','1');
INSERT INTO SYSCANVAS.T_DISTRITO (CODDPTO,CODPROV,CODDIST,DESDIST,VIGENTE) VALUES ('21','10','01','PUTINA','1');
INSERT INTO SYSCANVAS.T_DISTRITO (CODDPTO,CODPROV,CODDIST,DESDIST,VIGENTE) VALUES ('21','10','02','ANANEA','1');
INSERT INTO SYSCANVAS.T_DISTRITO (CODDPTO,CODPROV,CODDIST,DESDIST,VIGENTE) VALUES ('21','10','03','PEDRO VILCA APAZA','1');
INSERT INTO SYSCANVAS.T_DISTRITO (CODDPTO,CODPROV,CODDIST,DESDIST,VIGENTE) VALUES ('21','10','04','QUILCAPUNCU','1');
INSERT INTO SYSCANVAS.T_DISTRITO (CODDPTO,CODPROV,CODDIST,DESDIST,VIGENTE) VALUES ('21','10','05','SINA','1');
INSERT INTO SYSCANVAS.T_DISTRITO (CODDPTO,CODPROV,CODDIST,DESDIST,VIGENTE) VALUES ('21','11','01','JULIACA','1');
INSERT INTO SYSCANVAS.T_DISTRITO (CODDPTO,CODPROV,CODDIST,DESDIST,VIGENTE) VALUES ('21','11','02','CABANA','1');
INSERT INTO SYSCANVAS.T_DISTRITO (CODDPTO,CODPROV,CODDIST,DESDIST,VIGENTE) VALUES ('21','11','03','CABANILLAS','1');
INSERT INTO SYSCANVAS.T_DISTRITO (CODDPTO,CODPROV,CODDIST,DESDIST,VIGENTE) VALUES ('21','11','04','CARACOTO','1');
INSERT INTO SYSCANVAS.T_DISTRITO (CODDPTO,CODPROV,CODDIST,DESDIST,VIGENTE) VALUES ('21','12','01','SANDIA','1');
INSERT INTO SYSCANVAS.T_DISTRITO (CODDPTO,CODPROV,CODDIST,DESDIST,VIGENTE) VALUES ('21','12','02','CUYOCUYO','1');
INSERT INTO SYSCANVAS.T_DISTRITO (CODDPTO,CODPROV,CODDIST,DESDIST,VIGENTE) VALUES ('21','12','03','LIMBANI','1');
INSERT INTO SYSCANVAS.T_DISTRITO (CODDPTO,CODPROV,CODDIST,DESDIST,VIGENTE) VALUES ('21','12','04','PATAMBUCO','1');
INSERT INTO SYSCANVAS.T_DISTRITO (CODDPTO,CODPROV,CODDIST,DESDIST,VIGENTE) VALUES ('21','12','05','PHARA','1');
INSERT INTO SYSCANVAS.T_DISTRITO (CODDPTO,CODPROV,CODDIST,DESDIST,VIGENTE) VALUES ('21','12','06','QUIACA','1');
INSERT INTO SYSCANVAS.T_DISTRITO (CODDPTO,CODPROV,CODDIST,DESDIST,VIGENTE) VALUES ('21','12','07','SAN JUAN DEL ORO','1');
INSERT INTO SYSCANVAS.T_DISTRITO (CODDPTO,CODPROV,CODDIST,DESDIST,VIGENTE) VALUES ('21','12','08','YANAHUAYA','1');
INSERT INTO SYSCANVAS.T_DISTRITO (CODDPTO,CODPROV,CODDIST,DESDIST,VIGENTE) VALUES ('21','12','09','ALTO INAMBARI','1');
INSERT INTO SYSCANVAS.T_DISTRITO (CODDPTO,CODPROV,CODDIST,DESDIST,VIGENTE) VALUES ('21','12','10','SAN PEDRO DE PUTINA','1');
INSERT INTO SYSCANVAS.T_DISTRITO (CODDPTO,CODPROV,CODDIST,DESDIST,VIGENTE) VALUES ('21','13','01','YUNGUYO','1');
INSERT INTO SYSCANVAS.T_DISTRITO (CODDPTO,CODPROV,CODDIST,DESDIST,VIGENTE) VALUES ('21','13','02','ANAPIA','1');
INSERT INTO SYSCANVAS.T_DISTRITO (CODDPTO,CODPROV,CODDIST,DESDIST,VIGENTE) VALUES ('21','13','03','COPANI','1');
INSERT INTO SYSCANVAS.T_DISTRITO (CODDPTO,CODPROV,CODDIST,DESDIST,VIGENTE) VALUES ('21','13','04','CUTURAPI','1');
INSERT INTO SYSCANVAS.T_DISTRITO (CODDPTO,CODPROV,CODDIST,DESDIST,VIGENTE) VALUES ('21','13','05','OLLARAYA','1');
INSERT INTO SYSCANVAS.T_DISTRITO (CODDPTO,CODPROV,CODDIST,DESDIST,VIGENTE) VALUES ('21','13','06','TINICACHI','1');
INSERT INTO SYSCANVAS.T_DISTRITO (CODDPTO,CODPROV,CODDIST,DESDIST,VIGENTE) VALUES ('21','13','07','UNICACHI','1');
INSERT INTO SYSCANVAS.T_DISTRITO (CODDPTO,CODPROV,CODDIST,DESDIST,VIGENTE) VALUES ('22','01','01','MOYOBAMBA','1');
INSERT INTO SYSCANVAS.T_DISTRITO (CODDPTO,CODPROV,CODDIST,DESDIST,VIGENTE) VALUES ('22','01','02','CALZADA','1');
INSERT INTO SYSCANVAS.T_DISTRITO (CODDPTO,CODPROV,CODDIST,DESDIST,VIGENTE) VALUES ('22','01','03','HABANA','1');
INSERT INTO SYSCANVAS.T_DISTRITO (CODDPTO,CODPROV,CODDIST,DESDIST,VIGENTE) VALUES ('22','01','04','JEPELACIO','1');
INSERT INTO SYSCANVAS.T_DISTRITO (CODDPTO,CODPROV,CODDIST,DESDIST,VIGENTE) VALUES ('22','01','05','SORITOR','1');
INSERT INTO SYSCANVAS.T_DISTRITO (CODDPTO,CODPROV,CODDIST,DESDIST,VIGENTE) VALUES ('22','01','06','YANTALO','1');
INSERT INTO SYSCANVAS.T_DISTRITO (CODDPTO,CODPROV,CODDIST,DESDIST,VIGENTE) VALUES ('22','02','01','BELLAVISTA','1');
INSERT INTO SYSCANVAS.T_DISTRITO (CODDPTO,CODPROV,CODDIST,DESDIST,VIGENTE) VALUES ('22','02','02','ALTO BIAVO','1');
INSERT INTO SYSCANVAS.T_DISTRITO (CODDPTO,CODPROV,CODDIST,DESDIST,VIGENTE) VALUES ('22','02','03','BAJO BIAVO','1');
INSERT INTO SYSCANVAS.T_DISTRITO (CODDPTO,CODPROV,CODDIST,DESDIST,VIGENTE) VALUES ('22','02','04','HUALLAGA','1');
INSERT INTO SYSCANVAS.T_DISTRITO (CODDPTO,CODPROV,CODDIST,DESDIST,VIGENTE) VALUES ('22','02','05','SAN PABLO','1');
INSERT INTO SYSCANVAS.T_DISTRITO (CODDPTO,CODPROV,CODDIST,DESDIST,VIGENTE) VALUES ('22','02','06','SAN RAFAEL','1');
INSERT INTO SYSCANVAS.T_DISTRITO (CODDPTO,CODPROV,CODDIST,DESDIST,VIGENTE) VALUES ('22','03','01','SAN JOSE DE SISA','1');
INSERT INTO SYSCANVAS.T_DISTRITO (CODDPTO,CODPROV,CODDIST,DESDIST,VIGENTE) VALUES ('22','03','02','AGUA BLANCA','1');
INSERT INTO SYSCANVAS.T_DISTRITO (CODDPTO,CODPROV,CODDIST,DESDIST,VIGENTE) VALUES ('22','03','03','SAN MARTIN','1');
INSERT INTO SYSCANVAS.T_DISTRITO (CODDPTO,CODPROV,CODDIST,DESDIST,VIGENTE) VALUES ('22','03','04','SANTA ROSA','1');
INSERT INTO SYSCANVAS.T_DISTRITO (CODDPTO,CODPROV,CODDIST,DESDIST,VIGENTE) VALUES ('22','03','05','SHATOJA','1');
INSERT INTO SYSCANVAS.T_DISTRITO (CODDPTO,CODPROV,CODDIST,DESDIST,VIGENTE) VALUES ('22','04','01','SAPOSOA','1');
INSERT INTO SYSCANVAS.T_DISTRITO (CODDPTO,CODPROV,CODDIST,DESDIST,VIGENTE) VALUES ('22','04','02','ALTO SAPOSOA','1');
INSERT INTO SYSCANVAS.T_DISTRITO (CODDPTO,CODPROV,CODDIST,DESDIST,VIGENTE) VALUES ('22','04','03','EL ESLABON','1');
INSERT INTO SYSCANVAS.T_DISTRITO (CODDPTO,CODPROV,CODDIST,DESDIST,VIGENTE) VALUES ('22','04','04','PISCOYACU','1');
INSERT INTO SYSCANVAS.T_DISTRITO (CODDPTO,CODPROV,CODDIST,DESDIST,VIGENTE) VALUES ('22','04','05','SACANCHE','1');
INSERT INTO SYSCANVAS.T_DISTRITO (CODDPTO,CODPROV,CODDIST,DESDIST,VIGENTE) VALUES ('22','04','06','TINGO DE SAPOSOA','1');
INSERT INTO SYSCANVAS.T_DISTRITO (CODDPTO,CODPROV,CODDIST,DESDIST,VIGENTE) VALUES ('22','05','01','LAMAS','1');
INSERT INTO SYSCANVAS.T_DISTRITO (CODDPTO,CODPROV,CODDIST,DESDIST,VIGENTE) VALUES ('22','05','02','ALONSO DE ALVARADO','1');
INSERT INTO SYSCANVAS.T_DISTRITO (CODDPTO,CODPROV,CODDIST,DESDIST,VIGENTE) VALUES ('22','05','03','BARRANQUITA','1');
INSERT INTO SYSCANVAS.T_DISTRITO (CODDPTO,CODPROV,CODDIST,DESDIST,VIGENTE) VALUES ('22','05','04','CAYNARACHI','1');
INSERT INTO SYSCANVAS.T_DISTRITO (CODDPTO,CODPROV,CODDIST,DESDIST,VIGENTE) VALUES ('22','05','05','CUÑUMBUQUI','1');
INSERT INTO SYSCANVAS.T_DISTRITO (CODDPTO,CODPROV,CODDIST,DESDIST,VIGENTE) VALUES ('22','05','06','PINTO RECODO','1');
INSERT INTO SYSCANVAS.T_DISTRITO (CODDPTO,CODPROV,CODDIST,DESDIST,VIGENTE) VALUES ('22','05','07','RUMISAPA','1');
INSERT INTO SYSCANVAS.T_DISTRITO (CODDPTO,CODPROV,CODDIST,DESDIST,VIGENTE) VALUES ('22','05','08','SAN ROQUE DE CUMBAZA','1');
INSERT INTO SYSCANVAS.T_DISTRITO (CODDPTO,CODPROV,CODDIST,DESDIST,VIGENTE) VALUES ('22','05','09','SHANAO','1');
INSERT INTO SYSCANVAS.T_DISTRITO (CODDPTO,CODPROV,CODDIST,DESDIST,VIGENTE) VALUES ('22','05','10','TABALOSOS','1');
INSERT INTO SYSCANVAS.T_DISTRITO (CODDPTO,CODPROV,CODDIST,DESDIST,VIGENTE) VALUES ('22','05','11','ZAPATERO','1');
INSERT INTO SYSCANVAS.T_DISTRITO (CODDPTO,CODPROV,CODDIST,DESDIST,VIGENTE) VALUES ('22','06','01','JUANJUI','1');
INSERT INTO SYSCANVAS.T_DISTRITO (CODDPTO,CODPROV,CODDIST,DESDIST,VIGENTE) VALUES ('22','06','02','CAMPANILLA','1');
INSERT INTO SYSCANVAS.T_DISTRITO (CODDPTO,CODPROV,CODDIST,DESDIST,VIGENTE) VALUES ('22','06','03','HUICUNGO','1');
INSERT INTO SYSCANVAS.T_DISTRITO (CODDPTO,CODPROV,CODDIST,DESDIST,VIGENTE) VALUES ('22','06','04','PACHIZA','1');
INSERT INTO SYSCANVAS.T_DISTRITO (CODDPTO,CODPROV,CODDIST,DESDIST,VIGENTE) VALUES ('22','06','05','PAJARILLO','1');
INSERT INTO SYSCANVAS.T_DISTRITO (CODDPTO,CODPROV,CODDIST,DESDIST,VIGENTE) VALUES ('22','07','01','PICOTA','1');
INSERT INTO SYSCANVAS.T_DISTRITO (CODDPTO,CODPROV,CODDIST,DESDIST,VIGENTE) VALUES ('22','07','02','BUENOS AIRES','1');
INSERT INTO SYSCANVAS.T_DISTRITO (CODDPTO,CODPROV,CODDIST,DESDIST,VIGENTE) VALUES ('22','07','03','CASPISAPA','1');
INSERT INTO SYSCANVAS.T_DISTRITO (CODDPTO,CODPROV,CODDIST,DESDIST,VIGENTE) VALUES ('22','07','04','PILLUANA','1');
INSERT INTO SYSCANVAS.T_DISTRITO (CODDPTO,CODPROV,CODDIST,DESDIST,VIGENTE) VALUES ('22','07','05','PUCACACA','1');
INSERT INTO SYSCANVAS.T_DISTRITO (CODDPTO,CODPROV,CODDIST,DESDIST,VIGENTE) VALUES ('22','07','06','SAN CRISTOBAL','1');
INSERT INTO SYSCANVAS.T_DISTRITO (CODDPTO,CODPROV,CODDIST,DESDIST,VIGENTE) VALUES ('22','07','07','SAN HILARION','1');
INSERT INTO SYSCANVAS.T_DISTRITO (CODDPTO,CODPROV,CODDIST,DESDIST,VIGENTE) VALUES ('22','07','08','SHAMBOYACU','1');
INSERT INTO SYSCANVAS.T_DISTRITO (CODDPTO,CODPROV,CODDIST,DESDIST,VIGENTE) VALUES ('22','07','09','TINGO DE PONASA','1');
INSERT INTO SYSCANVAS.T_DISTRITO (CODDPTO,CODPROV,CODDIST,DESDIST,VIGENTE) VALUES ('22','07','10','TRES UNIDOS','1');
INSERT INTO SYSCANVAS.T_DISTRITO (CODDPTO,CODPROV,CODDIST,DESDIST,VIGENTE) VALUES ('22','08','01','RIOJA','1');
INSERT INTO SYSCANVAS.T_DISTRITO (CODDPTO,CODPROV,CODDIST,DESDIST,VIGENTE) VALUES ('22','08','02','AWAJUN','1');
INSERT INTO SYSCANVAS.T_DISTRITO (CODDPTO,CODPROV,CODDIST,DESDIST,VIGENTE) VALUES ('22','08','03','ELIAS SOPLIN VARGAS','1');
INSERT INTO SYSCANVAS.T_DISTRITO (CODDPTO,CODPROV,CODDIST,DESDIST,VIGENTE) VALUES ('22','08','04','NUEVA CAJAMARCA','1');
INSERT INTO SYSCANVAS.T_DISTRITO (CODDPTO,CODPROV,CODDIST,DESDIST,VIGENTE) VALUES ('22','08','05','PARDO MIGUEL','1');
INSERT INTO SYSCANVAS.T_DISTRITO (CODDPTO,CODPROV,CODDIST,DESDIST,VIGENTE) VALUES ('22','08','06','POSIC','1');
INSERT INTO SYSCANVAS.T_DISTRITO (CODDPTO,CODPROV,CODDIST,DESDIST,VIGENTE) VALUES ('22','08','07','SAN FERNANDO','1');
INSERT INTO SYSCANVAS.T_DISTRITO (CODDPTO,CODPROV,CODDIST,DESDIST,VIGENTE) VALUES ('22','08','08','YORONGOS','1');
INSERT INTO SYSCANVAS.T_DISTRITO (CODDPTO,CODPROV,CODDIST,DESDIST,VIGENTE) VALUES ('22','08','09','YURACYACU','1');
INSERT INTO SYSCANVAS.T_DISTRITO (CODDPTO,CODPROV,CODDIST,DESDIST,VIGENTE) VALUES ('22','09','01','TARAPOTO','1');
INSERT INTO SYSCANVAS.T_DISTRITO (CODDPTO,CODPROV,CODDIST,DESDIST,VIGENTE) VALUES ('22','09','02','ALBERTO LEVEAU','1');
INSERT INTO SYSCANVAS.T_DISTRITO (CODDPTO,CODPROV,CODDIST,DESDIST,VIGENTE) VALUES ('22','09','03','CACATACHI','1');
INSERT INTO SYSCANVAS.T_DISTRITO (CODDPTO,CODPROV,CODDIST,DESDIST,VIGENTE) VALUES ('22','09','04','CHAZUTA','1');
INSERT INTO SYSCANVAS.T_DISTRITO (CODDPTO,CODPROV,CODDIST,DESDIST,VIGENTE) VALUES ('22','09','05','CHIPURANA','1');
INSERT INTO SYSCANVAS.T_DISTRITO (CODDPTO,CODPROV,CODDIST,DESDIST,VIGENTE) VALUES ('22','09','06','EL PORVENIR','1');
INSERT INTO SYSCANVAS.T_DISTRITO (CODDPTO,CODPROV,CODDIST,DESDIST,VIGENTE) VALUES ('22','09','07','HUIMBAYOC','1');
INSERT INTO SYSCANVAS.T_DISTRITO (CODDPTO,CODPROV,CODDIST,DESDIST,VIGENTE) VALUES ('22','09','08','JUAN GUERRA','1');
INSERT INTO SYSCANVAS.T_DISTRITO (CODDPTO,CODPROV,CODDIST,DESDIST,VIGENTE) VALUES ('22','09','09','LA BANDA DE SHILCAYO','1');
INSERT INTO SYSCANVAS.T_DISTRITO (CODDPTO,CODPROV,CODDIST,DESDIST,VIGENTE) VALUES ('22','09','10','MORALES','1');
INSERT INTO SYSCANVAS.T_DISTRITO (CODDPTO,CODPROV,CODDIST,DESDIST,VIGENTE) VALUES ('22','09','11','PAPAPLAYA','1');
INSERT INTO SYSCANVAS.T_DISTRITO (CODDPTO,CODPROV,CODDIST,DESDIST,VIGENTE) VALUES ('22','09','12','SAN ANTONIO','1');
INSERT INTO SYSCANVAS.T_DISTRITO (CODDPTO,CODPROV,CODDIST,DESDIST,VIGENTE) VALUES ('22','09','13','SAUCE','1');
INSERT INTO SYSCANVAS.T_DISTRITO (CODDPTO,CODPROV,CODDIST,DESDIST,VIGENTE) VALUES ('22','09','14','SHAPAJA','1');
INSERT INTO SYSCANVAS.T_DISTRITO (CODDPTO,CODPROV,CODDIST,DESDIST,VIGENTE) VALUES ('22','10','01','TOCACHE','1');
INSERT INTO SYSCANVAS.T_DISTRITO (CODDPTO,CODPROV,CODDIST,DESDIST,VIGENTE) VALUES ('22','10','02','NUEVO PROGRESO','1');
INSERT INTO SYSCANVAS.T_DISTRITO (CODDPTO,CODPROV,CODDIST,DESDIST,VIGENTE) VALUES ('22','10','03','POLVORA','1');
INSERT INTO SYSCANVAS.T_DISTRITO (CODDPTO,CODPROV,CODDIST,DESDIST,VIGENTE) VALUES ('22','10','04','SHUNTE','1');
INSERT INTO SYSCANVAS.T_DISTRITO (CODDPTO,CODPROV,CODDIST,DESDIST,VIGENTE) VALUES ('22','10','05','UCHIZA','1');
INSERT INTO SYSCANVAS.T_DISTRITO (CODDPTO,CODPROV,CODDIST,DESDIST,VIGENTE) VALUES ('23','01','01','TACNA','1');
INSERT INTO SYSCANVAS.T_DISTRITO (CODDPTO,CODPROV,CODDIST,DESDIST,VIGENTE) VALUES ('23','01','02','ALTO DE LA ALIANZA','1');
INSERT INTO SYSCANVAS.T_DISTRITO (CODDPTO,CODPROV,CODDIST,DESDIST,VIGENTE) VALUES ('23','01','03','CALANA','1');
INSERT INTO SYSCANVAS.T_DISTRITO (CODDPTO,CODPROV,CODDIST,DESDIST,VIGENTE) VALUES ('23','01','04','CIUDAD NUEVA','1');
INSERT INTO SYSCANVAS.T_DISTRITO (CODDPTO,CODPROV,CODDIST,DESDIST,VIGENTE) VALUES ('23','01','05','INCLAN','1');
INSERT INTO SYSCANVAS.T_DISTRITO (CODDPTO,CODPROV,CODDIST,DESDIST,VIGENTE) VALUES ('23','01','06','PACHIA','1');
INSERT INTO SYSCANVAS.T_DISTRITO (CODDPTO,CODPROV,CODDIST,DESDIST,VIGENTE) VALUES ('23','01','07','PALCA','1');
INSERT INTO SYSCANVAS.T_DISTRITO (CODDPTO,CODPROV,CODDIST,DESDIST,VIGENTE) VALUES ('23','01','08','POCOLLAY','1');
INSERT INTO SYSCANVAS.T_DISTRITO (CODDPTO,CODPROV,CODDIST,DESDIST,VIGENTE) VALUES ('23','01','09','SAMA','1');
INSERT INTO SYSCANVAS.T_DISTRITO (CODDPTO,CODPROV,CODDIST,DESDIST,VIGENTE) VALUES ('23','01','10','CRL. GREG. ALBARRACI','1');
INSERT INTO SYSCANVAS.T_DISTRITO (CODDPTO,CODPROV,CODDIST,DESDIST,VIGENTE) VALUES ('23','02','01','CANDARAVE','1');
INSERT INTO SYSCANVAS.T_DISTRITO (CODDPTO,CODPROV,CODDIST,DESDIST,VIGENTE) VALUES ('23','02','02','CAIRANI','1');
INSERT INTO SYSCANVAS.T_DISTRITO (CODDPTO,CODPROV,CODDIST,DESDIST,VIGENTE) VALUES ('23','02','03','CAMILACA','1');
INSERT INTO SYSCANVAS.T_DISTRITO (CODDPTO,CODPROV,CODDIST,DESDIST,VIGENTE) VALUES ('23','02','04','CURIBAYA','1');
INSERT INTO SYSCANVAS.T_DISTRITO (CODDPTO,CODPROV,CODDIST,DESDIST,VIGENTE) VALUES ('23','02','05','HUANUARA','1');
INSERT INTO SYSCANVAS.T_DISTRITO (CODDPTO,CODPROV,CODDIST,DESDIST,VIGENTE) VALUES ('23','02','06','QUILAHUANI','1');
INSERT INTO SYSCANVAS.T_DISTRITO (CODDPTO,CODPROV,CODDIST,DESDIST,VIGENTE) VALUES ('23','03','01','LOCUMBA','1');
INSERT INTO SYSCANVAS.T_DISTRITO (CODDPTO,CODPROV,CODDIST,DESDIST,VIGENTE) VALUES ('23','03','02','ILABAYA','1');
INSERT INTO SYSCANVAS.T_DISTRITO (CODDPTO,CODPROV,CODDIST,DESDIST,VIGENTE) VALUES ('23','03','03','ITE','1');
INSERT INTO SYSCANVAS.T_DISTRITO (CODDPTO,CODPROV,CODDIST,DESDIST,VIGENTE) VALUES ('23','04','01','TARATA','1');
INSERT INTO SYSCANVAS.T_DISTRITO (CODDPTO,CODPROV,CODDIST,DESDIST,VIGENTE) VALUES ('23','04','02','CHUCATAMANI','1');
INSERT INTO SYSCANVAS.T_DISTRITO (CODDPTO,CODPROV,CODDIST,DESDIST,VIGENTE) VALUES ('23','04','03','ESTIQUE','1');
INSERT INTO SYSCANVAS.T_DISTRITO (CODDPTO,CODPROV,CODDIST,DESDIST,VIGENTE) VALUES ('23','04','04','ESTIQUE-PAMPA','1');
INSERT INTO SYSCANVAS.T_DISTRITO (CODDPTO,CODPROV,CODDIST,DESDIST,VIGENTE) VALUES ('23','04','05','SITAJARA','1');
INSERT INTO SYSCANVAS.T_DISTRITO (CODDPTO,CODPROV,CODDIST,DESDIST,VIGENTE) VALUES ('23','04','06','SUSAPAYA','1');
INSERT INTO SYSCANVAS.T_DISTRITO (CODDPTO,CODPROV,CODDIST,DESDIST,VIGENTE) VALUES ('23','04','07','TARUCACHI','1');
INSERT INTO SYSCANVAS.T_DISTRITO (CODDPTO,CODPROV,CODDIST,DESDIST,VIGENTE) VALUES ('23','04','08','TICACO','1');
INSERT INTO SYSCANVAS.T_DISTRITO (CODDPTO,CODPROV,CODDIST,DESDIST,VIGENTE) VALUES ('24','01','01','TUMBES','1');
INSERT INTO SYSCANVAS.T_DISTRITO (CODDPTO,CODPROV,CODDIST,DESDIST,VIGENTE) VALUES ('24','01','02','CORRALES','1');
INSERT INTO SYSCANVAS.T_DISTRITO (CODDPTO,CODPROV,CODDIST,DESDIST,VIGENTE) VALUES ('24','01','03','LA CRUZ','1');
INSERT INTO SYSCANVAS.T_DISTRITO (CODDPTO,CODPROV,CODDIST,DESDIST,VIGENTE) VALUES ('24','01','04','PAMPAS DE HOSPITAL','1');
INSERT INTO SYSCANVAS.T_DISTRITO (CODDPTO,CODPROV,CODDIST,DESDIST,VIGENTE) VALUES ('24','01','05','SAN JACINTO','1');
INSERT INTO SYSCANVAS.T_DISTRITO (CODDPTO,CODPROV,CODDIST,DESDIST,VIGENTE) VALUES ('24','01','06','SAN JUAN DE LA VIRGE','1');
INSERT INTO SYSCANVAS.T_DISTRITO (CODDPTO,CODPROV,CODDIST,DESDIST,VIGENTE) VALUES ('24','02','01','ZORRITOS','1');
INSERT INTO SYSCANVAS.T_DISTRITO (CODDPTO,CODPROV,CODDIST,DESDIST,VIGENTE) VALUES ('24','02','02','CASITAS','1');
INSERT INTO SYSCANVAS.T_DISTRITO (CODDPTO,CODPROV,CODDIST,DESDIST,VIGENTE) VALUES ('24','02','03','CANOAS DE PUNTA SAL','1');
INSERT INTO SYSCANVAS.T_DISTRITO (CODDPTO,CODPROV,CODDIST,DESDIST,VIGENTE) VALUES ('24','03','01','ZARUMILLA','1');
INSERT INTO SYSCANVAS.T_DISTRITO (CODDPTO,CODPROV,CODDIST,DESDIST,VIGENTE) VALUES ('24','03','02','AGUAS VERDES','1');
INSERT INTO SYSCANVAS.T_DISTRITO (CODDPTO,CODPROV,CODDIST,DESDIST,VIGENTE) VALUES ('24','03','03','MATAPALO','1');
INSERT INTO SYSCANVAS.T_DISTRITO (CODDPTO,CODPROV,CODDIST,DESDIST,VIGENTE) VALUES ('24','03','04','PAPAYAL','1');
INSERT INTO SYSCANVAS.T_DISTRITO (CODDPTO,CODPROV,CODDIST,DESDIST,VIGENTE) VALUES ('25','01','01','CALLARIA','1');
INSERT INTO SYSCANVAS.T_DISTRITO (CODDPTO,CODPROV,CODDIST,DESDIST,VIGENTE) VALUES ('25','01','02','CAMPOVERDE','1');
INSERT INTO SYSCANVAS.T_DISTRITO (CODDPTO,CODPROV,CODDIST,DESDIST,VIGENTE) VALUES ('25','01','03','IPARIA','1');
INSERT INTO SYSCANVAS.T_DISTRITO (CODDPTO,CODPROV,CODDIST,DESDIST,VIGENTE) VALUES ('25','01','04','MASISEA','1');
INSERT INTO SYSCANVAS.T_DISTRITO (CODDPTO,CODPROV,CODDIST,DESDIST,VIGENTE) VALUES ('25','01','05','YARINACOCHA','1');
INSERT INTO SYSCANVAS.T_DISTRITO (CODDPTO,CODPROV,CODDIST,DESDIST,VIGENTE) VALUES ('25','01','06','NUEVA REQUENA','1');
INSERT INTO SYSCANVAS.T_DISTRITO (CODDPTO,CODPROV,CODDIST,DESDIST,VIGENTE) VALUES ('25','02','01','RAYMONDI','1');
INSERT INTO SYSCANVAS.T_DISTRITO (CODDPTO,CODPROV,CODDIST,DESDIST,VIGENTE) VALUES ('25','02','02','SEPAHUA','1');
INSERT INTO SYSCANVAS.T_DISTRITO (CODDPTO,CODPROV,CODDIST,DESDIST,VIGENTE) VALUES ('25','02','03','TAHUANIA','1');
INSERT INTO SYSCANVAS.T_DISTRITO (CODDPTO,CODPROV,CODDIST,DESDIST,VIGENTE) VALUES ('25','02','04','YURUA','1');
INSERT INTO SYSCANVAS.T_DISTRITO (CODDPTO,CODPROV,CODDIST,DESDIST,VIGENTE) VALUES ('25','03','01','PADRE ABAD','1');
INSERT INTO SYSCANVAS.T_DISTRITO (CODDPTO,CODPROV,CODDIST,DESDIST,VIGENTE) VALUES ('25','03','02','IRAZOLA','1');
INSERT INTO SYSCANVAS.T_DISTRITO (CODDPTO,CODPROV,CODDIST,DESDIST,VIGENTE) VALUES ('25','03','03','CURIMANA','1');
INSERT INTO SYSCANVAS.T_DISTRITO (CODDPTO,CODPROV,CODDIST,DESDIST,VIGENTE) VALUES ('25','04','01','PURUS','1');
INSERT INTO SYSCANVAS.T_DISTRITO (CODDPTO,CODPROV,CODDIST,DESDIST,VIGENTE) VALUES ('26','21','44','Distrito Prueba','1');

--- T_TIPO_PERSONA
INSERT INTO SYSCANVAS.T_TIPO_PERSONA (TIPPERSONA,DENTIPPERSONA,VIGENTE) VALUES ('0','Empresa/Consorcio','1');
INSERT INTO SYSCANVAS.T_TIPO_PERSONA (TIPPERSONA,DENTIPPERSONA,VIGENTE) VALUES ('1','Empleado','1');
INSERT INTO SYSCANVAS.T_TIPO_PERSONA (TIPPERSONA,DENTIPPERSONA,VIGENTE) VALUES ('2','Cliente','1');
INSERT INTO SYSCANVAS.T_TIPO_PERSONA (TIPPERSONA,DENTIPPERSONA,VIGENTE) VALUES ('5','p','1');

--- T_PERSONA
INSERT INTO SYSCANVAS.T_PERSONA (CODPERSONA,TIPPERSONA,DESPERSONA,DESCORTA) VALUES ('1','0','Devenco','Devenco');
INSERT INTO SYSCANVAS.T_PERSONA (CODPERSONA,TIPPERSONA,DESPERSONA,DESCORTA) VALUES ('2','0','Consorcio Av. Camino Real','Consorcio Av. Camino Real');
INSERT INTO SYSCANVAS.T_PERSONA (CODPERSONA,TIPPERSONA,DESPERSONA,DESCORTA) VALUES ('3','1','Luis Soto Soto','Luis Soto Soto');
INSERT INTO SYSCANVAS.T_PERSONA (CODPERSONA,TIPPERSONA,DESPERSONA,DESCORTA) VALUES ('4','2','EMAPE - Lima S.A.','EMAPE - Lima S.A.');
INSERT INTO SYSCANVAS.T_PERSONA (CODPERSONA,TIPPERSONA,DESPERSONA,DESCORTA) VALUES ('5','0','Consorcio Sierra Sur','Consorcio Sierra Sur');
INSERT INTO SYSCANVAS.T_PERSONA (CODPERSONA,TIPPERSONA,DESPERSONA,DESCORTA) VALUES ('6','2','Provias Nacional','PVN');
INSERT INTO SYSCANVAS.T_PERSONA (CODPERSONA,TIPPERSONA,DESPERSONA,DESCORTA) VALUES ('7','2','Provias Descentralizado','PVD');
INSERT INTO SYSCANVAS.T_PERSONA (CODPERSONA,TIPPERSONA,DESPERSONA,DESCORTA) VALUES ('8','0','Consorcio Consultores Asociados','Cons. Consultores Asoc');
INSERT INTO SYSCANVAS.T_PERSONA (CODPERSONA,TIPPERSONA,DESPERSONA,DESCORTA) VALUES ('9','0','Consorcio Cusco','Consorcio Cusco');
INSERT INTO SYSCANVAS.T_PERSONA (CODPERSONA,TIPPERSONA,DESPERSONA,DESCORTA) VALUES ('10','1','Milton Soto Soto','Soto');
INSERT INTO SYSCANVAS.T_PERSONA (CODPERSONA,TIPPERSONA,DESPERSONA,DESCORTA) VALUES ('11','1','Otto Luna Echegaray','Otto Luna Echegaray');
INSERT INTO SYSCANVAS.T_PERSONA (CODPERSONA,TIPPERSONA,DESPERSONA,DESCORTA) VALUES ('1011','1','Ricardo Garcia Perez','R. G.');
INSERT INTO SYSCANVAS.T_PERSONA (CODPERSONA,TIPPERSONA,DESPERSONA,DESCORTA) VALUES ('1012','1','Maria Rodriguez Ruiz','M. R.');
INSERT INTO SYSCANVAS.T_PERSONA (CODPERSONA,TIPPERSONA,DESPERSONA,DESCORTA) VALUES ('1013','1','Carlos Luque Castro','C. L.');
INSERT INTO SYSCANVAS.T_PERSONA (CODPERSONA,TIPPERSONA,DESPERSONA,DESCORTA) VALUES ('1014','1','Ana Soto Mayor','A. S.');

--- T_CLIENTE
INSERT INTO SYSCANVAS.T_CLIENTE (CODPERSONA,NRORUC,CODDPTO,CODPROV,CODDIST,VIGENTE) VALUES ('6','20100063338','15','01','01','1');
INSERT INTO SYSCANVAS.T_CLIENTE (CODPERSONA,NRORUC,CODDPTO,CODPROV,CODDIST,VIGENTE) VALUES ('7','8888','15','01','01','1');
INSERT INTO SYSCANVAS.T_CLIENTE (CODPERSONA,NRORUC,CODDPTO,CODPROV,CODDIST,VIGENTE) VALUES ('4','20100063337','15','01','01','1');

--- T_EMPLEADO
INSERT INTO SYSCANVAS.T_EMPLEADO (CODPERS,DIRECC,HOBBY,FECNAC,DNI,NROCIP,FECCIPVIG,LICCOND,OBSERVAC,CODCARGO,VIGENTE,EMAIL,FLGEMPLIEA,CELULAR,NOMBRE,APELLIDO, PASSWORD)
    VALUES (3,'gggdqq','rrr',TO_DATE('10/11/2020','DD/MM/YYYY'), '55', '55',TO_DATE('18/11/2020','DD/MM/YYYY'), '1','obser', 1, 2,'carlosadiburga@gmail.com',null, '156','PEdro','INfante', null);
INSERT INTO SYSCANVAS.T_EMPLEADO (CODPERS,DIRECC,HOBBY,FECNAC,DNI,NROCIP,FECCIPVIG,LICCOND,OBSERVAC,CODCARGO,VIGENTE,EMAIL,FLGEMPLIEA,CELULAR,NOMBRE,APELLIDO, PASSWORD)
    VALUES (11,'ee','rr',null, '55', '55' ,TO_DATE('07/01/2021','DD/MM/YYYY'), '1','.', 1, 2, 'yy', null, '22', null,null, null);
INSERT INTO SYSCANVAS.T_EMPLEADO (CODPERS,DIRECC,HOBBY,FECNAC,DNI,NROCIP,FECCIPVIG,LICCOND,OBSERVAC,CODCARGO,VIGENTE,EMAIL,FLGEMPLIEA,CELULAR,NOMBRE,APELLIDO, PASSWORD)
    VALUES (10,'t','t',null, '44', '44' ,TO_DATE('22/01/2021','DD/MM/YYYY'), '1','.', 1, 2,'ggg',null, '44',null,null, null);
INSERT INTO SYSCANVAS.T_EMPLEADO (CODPERS,DIRECC,HOBBY,FECNAC,DNI,NROCIP,FECCIPVIG,LICCOND,OBSERVAC,CODCARGO,VIGENTE,EMAIL,FLGEMPLIEA,CELULAR,NOMBRE,APELLIDO, PASSWORD)
    VALUES (1011,'Calle Los Alamos 456', 'Leer', TO_DATE('15/05/1985', 'DD/MM/YYYY'), '45678912', 'CIP002', TO_DATE('31/12/2026','DD/MM/YYYY'), '1','.', 2, 1,'rgarcia@syscanvas.com',null, '912345678', 'Ricardo', 'Garcia Perez', 'RgarciaP85');
INSERT INTO SYSCANVAS.T_EMPLEADO (CODPERS,DIRECC,HOBBY,FECNAC,DNI,NROCIP,FECCIPVIG,LICCOND,OBSERVAC,CODCARGO,VIGENTE,EMAIL,FLGEMPLIEA,CELULAR,NOMBRE,APELLIDO, PASSWORD)
    VALUES (1012,'Jr. Huallaga 789', 'Correr', TO_DATE('22/11/1992', 'DD/MM/YYYY'), '78912345', 'CIP003', TO_DATE('30/06/2026','DD/MM/YYYY'), '1','.', 3, 1,'mrodriguez@syscanvas.com',null, '923456789', 'Maria', 'Rodriguez Ruiz', 'MrodriguezR92');
INSERT INTO SYSCANVAS.T_EMPLEADO (CODPERS,DIRECC,HOBBY,FECNAC,DNI,NROCIP,FECCIPVIG,LICCOND,OBSERVAC,CODCARGO,VIGENTE,EMAIL,FLGEMPLIEA,CELULAR,NOMBRE,APELLIDO, PASSWORD)
    VALUES (1013,'Av. Larco 1011', 'Cantar', TO_DATE('10/01/1990', 'DD/MM/YYYY'), '23456789', 'CIP004', TO_DATE('15/08/2027','DD/MM/YYYY'), '1','.', 3, 1,'cluque@syscanvas.com',null, '934567890', 'Carlos', 'Luque Castro', 'CluqueC90');
INSERT INTO SYSCANVAS.T_EMPLEADO (CODPERS,DIRECC,HOBBY,FECNAC,DNI,NROCIP,FECCIPVIG,LICCOND,OBSERVAC,CODCARGO,VIGENTE,EMAIL,FLGEMPLIEA,CELULAR,NOMBRE,APELLIDO, PASSWORD)
    VALUES (1014,'Calle Las Begonias 121', 'Cocinar', TO_DATE('05/03/1998', 'DD/MM/YYYY'), '34567890', 'CIP005', TO_DATE('20/12/2026','DD/MM/YYYY'), '1','.', 3, 1,'asoto@syscanvas.com',null, '945678901', 'Ana', 'Soto Mayor', 'AsotoM88');


--- T_EMPRESA
INSERT INTO SYSCANVAS.T_EMPRESA (CODPERSONA,NRORUC,FLGEMPCONSORCIO,FECINI,FECFIN,VIGENTE) VALUES ('1','33344','0',TO_DATE('05/11/2020','DD/MM/YYYY'),TO_DATE('18/11/2020','DD/MM/YYYY'),'H');
INSERT INTO SYSCANVAS.T_EMPRESA (CODPERSONA,NRORUC,FLGEMPCONSORCIO,FECINI,FECFIN,VIGENTE) VALUES ('2','555','1',TO_DATE('02/11/2020','DD/MM/YYYY'),TO_DATE('21/11/2020','DD/MM/YYYY'),'H');
INSERT INTO SYSCANVAS.T_EMPRESA (CODPERSONA,NRORUC,FLGEMPCONSORCIO,FECINI,FECFIN,VIGENTE) VALUES ('8','777','1',TO_DATE('05/01/2021','DD/MM/YYYY'),TO_DATE('14/01/2021','DD/MM/YYYY'),'H');
INSERT INTO SYSCANVAS.T_EMPRESA (CODPERSONA,NRORUC,FLGEMPCONSORCIO,FECINI,FECFIN,VIGENTE) VALUES ('5','333','1',TO_DATE('22/01/2021','DD/MM/YYYY'),TO_DATE('23/01/2021','DD/MM/YYYY'),'H');

--- T_FASE
INSERT INTO SYSCANVAS.T_FASE (CODFASE,DESFASE,VIGENCIA) VALUES ('1','Preinversion','1');
INSERT INTO SYSCANVAS.T_FASE (CODFASE,DESFASE,VIGENCIA) VALUES ('2','Inversion','1');
INSERT INTO SYSCANVAS.T_FASE (CODFASE,DESFASE,VIGENCIA) VALUES ('3','Post inversion','1');

--- T_FUNCION
INSERT INTO SYSCANVAS.T_FUNCION (CODFUNCION,DESFUNCION,VIGENTE) VALUES ('1','Transporte','1');
INSERT INTO SYSCANVAS.T_FUNCION (CODFUNCION,DESFUNCION,VIGENTE) VALUES ('2','Salud','1');
INSERT INTO SYSCANVAS.T_FUNCION (CODFUNCION,DESFUNCION,VIGENTE) VALUES ('3','Saneamiento.','1');
INSERT INTO SYSCANVAS.T_FUNCION (CODFUNCION,DESFUNCION,VIGENTE) VALUES ('5','Mineria','1');
INSERT INTO SYSCANVAS.T_FUNCION (CODFUNCION,DESFUNCION,VIGENTE) VALUES ('4','Educación','1');
INSERT INTO SYSCANVAS.T_FUNCION (CODFUNCION,DESFUNCION,VIGENTE) VALUES ('6','Agricultura','1');

--- T_HITOSCONV
INSERT INTO SYSCANVAS.T_HITOSCONV (CODHITO,DESCHITO,VIGENTE) VALUES ('1','Fecha de registro de participantes','1');
INSERT INTO SYSCANVAS.T_HITOSCONV (CODHITO,DESCHITO,VIGENTE) VALUES ('2','Fecha de absoluci?n de consultas','1');
INSERT INTO SYSCANVAS.T_HITOSCONV (CODHITO,DESCHITO,VIGENTE) VALUES ('3','Fecha de presentaci?n de propuestas','1');
INSERT INTO SYSCANVAS.T_HITOSCONV (CODHITO,DESCHITO,VIGENTE) VALUES ('4','Fechas','1');
INSERT INTO SYSCANVAS.T_HITOSCONV (CODHITO,DESCHITO,VIGENTE) VALUES ('5','ioooo','1');

--- T_NIVEL
INSERT INTO SYSCANVAS.T_NIVEL (CODFASE,CODNIVEL,DESNIVEL,VIGENTE) VALUES ('1','1','Perfil','1');
INSERT INTO SYSCANVAS.T_NIVEL (CODFASE,CODNIVEL,DESNIVEL,VIGENTE) VALUES ('2','2','Expediente Técnico y Ficha','1');
INSERT INTO SYSCANVAS.T_NIVEL (CODFASE,CODNIVEL,DESNIVEL,VIGENTE) VALUES ('2','3','Estudio Definitivo','1');
INSERT INTO SYSCANVAS.T_NIVEL (CODFASE,CODNIVEL,DESNIVEL,VIGENTE) VALUES ('1','4','Ficha Técnica','1');
INSERT INTO SYSCANVAS.T_NIVEL (CODFASE,CODNIVEL,DESNIVEL,VIGENTE) VALUES ('1','5','Ficha Técnica FTMBC','1');

--- T_ESTADO
INSERT INTO SYSCANVAS.T_ESTADO (ESTPYTO,CODFASE,CODNIVEL,DESESTADO) VALUES ('3','1','1','Perfil Terminado');
INSERT INTO SYSCANVAS.T_ESTADO (ESTPYTO,CODFASE,CODNIVEL,DESESTADO) VALUES ('4','1','1','Perfil con Viabilidad');
INSERT INTO SYSCANVAS.T_ESTADO (ESTPYTO,CODFASE,CODNIVEL,DESESTADO) VALUES ('5','1','1','Perfil con Conf. Servicio');
INSERT INTO SYSCANVAS.T_ESTADO (ESTPYTO,CODFASE,CODNIVEL,DESESTADO) VALUES ('1','1','1','Perfil en Desarrollo');
INSERT INTO SYSCANVAS.T_ESTADO (ESTPYTO,CODFASE,CODNIVEL,DESESTADO) VALUES ('2','1','1','Perfil Observado');

--- T_OBJCONTRAT
INSERT INTO SYSCANVAS.T_OBJCONTRAT (CODOBJC,DESCOBJETO,VIGENTE) VALUES ('1','OBContr1','1');
INSERT INTO SYSCANVAS.T_OBJCONTRAT (CODOBJC,DESCOBJETO,VIGENTE) VALUES ('2','OBContr 2','1');

--- T_PARTIDAING
INSERT INTO SYSCANVAS.T_PARTIDAING (INGEGR,CODPARTIDAI,CODPARINGR,DESPARTIDA,FLGCC,NIVEL,UNIMED,SEMILLA,VIGENTE,PARENT_INGEGR,IDCCPADRE) VALUES ('I','1','1','prueba edicion','1','1','1',null,'1',null,null);
INSERT INTO SYSCANVAS.T_PARTIDAING (INGEGR,CODPARTIDAI,CODPARINGR,DESPARTIDA,FLGCC,NIVEL,UNIMED,SEMILLA,VIGENTE,PARENT_INGEGR,IDCCPADRE) VALUES ('I','2','2','2','2','2','2',null,'1','I','1');
INSERT INTO SYSCANVAS.T_PARTIDAING (INGEGR,CODPARTIDAI,CODPARINGR,DESPARTIDA,FLGCC,NIVEL,UNIMED,SEMILLA,VIGENTE,PARENT_INGEGR,IDCCPADRE) VALUES ('I','3','3','hola mundo','1','3','3','13','1','I','2');
INSERT INTO SYSCANVAS.T_PARTIDAING (INGEGR,CODPARTIDAI,CODPARINGR,DESPARTIDA,FLGCC,NIVEL,UNIMED,SEMILLA,VIGENTE,PARENT_INGEGR,IDCCPADRE) VALUES ('E','4','4','egreso sabado','1','1','1',null,'1',null,null);
INSERT INTO SYSCANVAS.T_PARTIDAING (INGEGR,CODPARTIDAI,CODPARINGR,DESPARTIDA,FLGCC,NIVEL,UNIMED,SEMILLA,VIGENTE,PARENT_INGEGR,IDCCPADRE) VALUES ('E','5','5','5','5','2','2',null,'1','E','4');
INSERT INTO SYSCANVAS.T_PARTIDAING (INGEGR,CODPARTIDAI,CODPARINGR,DESPARTIDA,FLGCC,NIVEL,UNIMED,SEMILLA,VIGENTE,PARENT_INGEGR,IDCCPADRE) VALUES ('E','6','6','66666','0','3','3','16','1','E','5');
INSERT INTO SYSCANVAS.T_PARTIDAING (INGEGR,CODPARTIDAI,CODPARINGR,DESPARTIDA,FLGCC,NIVEL,UNIMED,SEMILLA,VIGENTE,PARENT_INGEGR,IDCCPADRE) VALUES ('I','9','1','hola software 2','0','3','1','9','0','I','2');
INSERT INTO SYSCANVAS.T_PARTIDAING (INGEGR,CODPARTIDAI,CODPARINGR,DESPARTIDA,FLGCC,NIVEL,UNIMED,SEMILLA,VIGENTE,PARENT_INGEGR,IDCCPADRE) VALUES ('I','11','1','hola mundo cruel','1','3','1','11','1','I','2');

--- T_PROFESIONES
INSERT INTO SYSCANVAS.T_PROFESIONES (CODPROF,DESPROF,VIGENTE) VALUES ('1','Ing Civil','1');
INSERT INTO SYSCANVAS.T_PROFESIONES (CODPROF,DESPROF,VIGENTE) VALUES ('2','Geologo','1');

--- T_EXPERIENCIA
INSERT INTO SYSCANVAS.T_EXPERIENCIA (CODPERS,CORREXP,LUGARTRABAJO,DESTRABAJO,CONTRATO,FECINI,FECFIN,NROMESES,NRODIAS,MOTIVORETIRO,CODPROF,VIGENTE)
    VALUES ('3','8','Mirones','Todo BIen','6 meses',TO_DATE('22/07/2020','DD/MM/YYYY'),TO_DATE('22/07/2020','DD/MM/YYYY'),'9','4','Despido','1','0');

--- T_SITUACION
INSERT INTO SYSCANVAS.T_SITUACION (CODFASE,CODNIVEL,CODSITUACION,DESSITUACION,VIGENTE) VALUES ('1','1','3','Informe 03','1');
INSERT INTO SYSCANVAS.T_SITUACION (CODFASE,CODNIVEL,CODSITUACION,DESSITUACION,VIGENTE) VALUES ('1','1','1','Informe 01','1');
INSERT INTO SYSCANVAS.T_SITUACION (CODFASE,CODNIVEL,CODSITUACION,DESSITUACION,VIGENTE) VALUES ('1','1','2','Informe 02','1');

--- T_TAXONOMIA
INSERT INTO SYSCANVAS.T_TAXONOMIA (CODFUNCION,CODTAXONOMIA,DESTAX,VIGENTE) VALUES ('1','1','Carretera Nacional','1');
INSERT INTO SYSCANVAS.T_TAXONOMIA (CODFUNCION,CODTAXONOMIA,DESTAX,VIGENTE) VALUES ('1','2','Carretera Departamental','1');
INSERT INTO SYSCANVAS.T_TAXONOMIA (CODFUNCION,CODTAXONOMIA,DESTAX,VIGENTE) VALUES ('1','3','Carretera Vecinal','1');
INSERT INTO SYSCANVAS.T_TAXONOMIA (CODFUNCION,CODTAXONOMIA,DESTAX,VIGENTE) VALUES ('2','3','Hospital Nivel III','1');
INSERT INTO SYSCANVAS.T_TAXONOMIA (CODFUNCION,CODTAXONOMIA,DESTAX,VIGENTE) VALUES ('1','4','Vías Urbanas','1');
INSERT INTO SYSCANVAS.T_TAXONOMIA (CODFUNCION,CODTAXONOMIA,DESTAX,VIGENTE) VALUES ('4','1','Ed. Primaria','1');
INSERT INTO SYSCANVAS.T_TAXONOMIA (CODFUNCION,CODTAXONOMIA,DESTAX,VIGENTE) VALUES ('4','2','Ed. Secundaria','1');
INSERT INTO SYSCANVAS.T_TAXONOMIA (CODFUNCION,CODTAXONOMIA,DESTAX,VIGENTE) VALUES ('4','3','Ed. Nido','1');

--- T_PROYECTO
INSERT INTO SYSCANVAS.T_PROYECTO (CODPYTO,CODSNIP,FECREG,CODFASE,CODNIVEL,CODFUNCION,CODTAXONOMIA,CODSITUACION,NUMINFOR,
    NUMINFORENTRG,ESTPYTO,FECESTADO,CODCONSORCIO,NOMPYTO,CODCLIENTE,EMPLJEFEPROJ,COSTOTOTAL,COSTODIRECTO,COSTOGGEN,COSTOIMP,
    COSTOPENALID,CODDPTO,CODPROV,CODDIST,FECVIAB,OBSERVAC,RUTADOC,CODOBJC,VIGENTE,ANNOINI,ANNOFIN)
    VALUES ('2','2',TO_DATE('15/10/2018','DD/MM/YYYY'),'1','1','1','1','2','3','2','1',TO_DATE('22/01/2021','DD/MM/YYYY'),'5','CHIGUATA',
        '6','3','232000','150000','15000','40000','0','21','02','01',TO_DATE('22/12/2021','DD/MM/YYYY'),'.','1','1','1','2018','2021');
INSERT INTO SYSCANVAS.T_PROYECTO (CODPYTO,CODSNIP,FECREG,CODFASE,CODNIVEL,CODFUNCION,CODTAXONOMIA,CODSITUACION,NUMINFOR,
    NUMINFORENTRG,ESTPYTO,FECESTADO,CODCONSORCIO,NOMPYTO,CODCLIENTE,EMPLJEFEPROJ,COSTOTOTAL,COSTODIRECTO,COSTOGGEN,COSTOIMP,
    COSTOPENALID,CODDPTO,CODPROV,CODDIST,FECVIAB,OBSERVAC,RUTADOC,CODOBJC,VIGENTE,ANNOINI,ANNOFIN)
    VALUES ('1','1',TO_DATE('05/10/2018','DD/MM/YYYY'),'1','1','1','4','3','3','3','5',TO_DATE('28/12/2018','DD/MM/YYYY'),'2',
        'MEJ. INF. VEH. Y PEAT. AV. CAMINO REAL','4','3','300000','210000','15000','54000','0','15','01','06',TO_DATE('22/12/2018','DD/MM/YYYY'),
        'FORMULACION DE LOS ESTUDIOS DE PRE INVERSION A NIVEL DE PERFIL DEL PROYECTO: MEJORAMIENTO DE LA INFRAESTRUCTURA VEHICULAR Y PEATONAL DE LA AV. CAMINO REAL TRAMO AV. TUPAC AMARU - AV. JOSE SACO ROJAS, CARABAYLLO-LIMA-LIMA.
        La buena pro es del 26 de setiembre de 2018.  Se gano al 95% del valor referencial. Proyecto concluido dentro del plazo. Primer informe es plan de trabajo.','.','1','1','2018','2018');
INSERT INTO SYSCANVAS.T_PROYECTO (CODPYTO,CODSNIP,FECREG,CODFASE,CODNIVEL,CODFUNCION,CODTAXONOMIA,CODSITUACION,NUMINFOR,
    NUMINFORENTRG,ESTPYTO,FECESTADO,CODCONSORCIO,NOMPYTO,CODCLIENTE,EMPLJEFEPROJ,COSTOTOTAL,COSTODIRECTO,COSTOGGEN,COSTOIMP,
    COSTOPENALID,CODDPTO,CODPROV,CODDIST,FECVIAB,OBSERVAC,RUTADOC,CODOBJC,VIGENTE,ANNOINI,ANNOFIN)
    VALUES ('3','3',TO_DATE('07/01/2021','DD/MM/YYYY'),'1','1','1','2','3','3','3','3',TO_DATE('22/01/2021','DD/MM/YYYY'),'8','PAQUETE 4',
        '7','11','500000','350000','25000','90000','20000','15','01','01',TO_DATE('24/02/2021','DD/MM/YYYY'),'.','.','1','1','2019','2021');

--- T_RUTA
INSERT INTO SYSCANVAS.T_RUTA (CODPYTO,CODRUTAPY,NROVERSION,CODRUTA,FECHAREGISTRO,DENOMINACIONRUTA,DENOMINACIONCORTORUTA,NROKMS,
    ZONAGPS,PROGINICIO,PROGFINAL,LATITUDINICIORUTA,LATITUDFINALRUTA,LONGITUDINICIORUTA,LONGITUDFINALRUTA,ALTITUDINICIORUTA,ALTITUDFINALRUTA,OBSERVACIONRUTA,VIGENCIA,ELABORADOPOR)
    VALUES ('1','1','1','ruta-1',TO_DATE('23/01/2021','DD/MM/YYYY'),'Ok','uu','11','1','00+25','22','1','22','1','22','1','22','....','1','10');
INSERT INTO SYSCANVAS.T_RUTA (CODPYTO,CODRUTAPY,NROVERSION,CODRUTA,FECHAREGISTRO,DENOMINACIONRUTA,DENOMINACIONCORTORUTA,NROKMS,
    ZONAGPS,PROGINICIO,PROGFINAL,LATITUDINICIORUTA,LATITUDFINALRUTA,LONGITUDINICIORUTA,LONGITUDFINALRUTA,ALTITUDINICIORUTA,ALTITUDFINALRUTA,OBSERVACIONRUTA,VIGENCIA,ELABORADOPOR)
    VALUES ('1','3','1','Ruta 3',TO_DATE('08/01/2021','DD/MM/YYYY'),'gvvvv','vv','777','1','77','88','77','88','77','88','77','88','8888','1','11');
INSERT INTO SYSCANVAS.T_RUTA (CODPYTO,CODRUTAPY,NROVERSION,CODRUTA,FECHAREGISTRO,DENOMINACIONRUTA,DENOMINACIONCORTORUTA,NROKMS,
    ZONAGPS,PROGINICIO,PROGFINAL,LATITUDINICIORUTA,LATITUDFINALRUTA,LONGITUDINICIORUTA,LONGITUDFINALRUTA,ALTITUDINICIORUTA,ALTITUDFINALRUTA,OBSERVACIONRUTA,VIGENCIA,ELABORADOPOR)
    VALUES ('1','2','1','ruta-2',TO_DATE('23/01/2021','DD/MM/YYYY'),'uuiuiii','ooo','44','1','00+25','99','88','99','88','99','88','99','kjlkjlñññ','1','3');
INSERT INTO SYSCANVAS.T_RUTA (CODPYTO,CODRUTAPY,NROVERSION,CODRUTA,FECHAREGISTRO,DENOMINACIONRUTA,DENOMINACIONCORTORUTA,NROKMS,
    ZONAGPS,PROGINICIO,PROGFINAL,LATITUDINICIORUTA,LATITUDFINALRUTA,LONGITUDINICIORUTA,LONGITUDFINALRUTA,ALTITUDINICIORUTA,ALTITUDFINALRUTA,OBSERVACIONRUTA,VIGENCIA,ELABORADOPOR)
    VALUES ('2','1','1','ruta-1.1',TO_DATE('23/01/2021','DD/MM/YYYY'),'eeeeee','ee','3','1','3','9','3','9','3','9','3','9','99999','1','3');
INSERT INTO SYSCANVAS.T_RUTA (CODPYTO,CODRUTAPY,NROVERSION,CODRUTA,FECHAREGISTRO,DENOMINACIONRUTA,DENOMINACIONCORTORUTA,NROKMS,
    ZONAGPS,PROGINICIO,PROGFINAL,LATITUDINICIORUTA,LATITUDFINALRUTA,LONGITUDINICIORUTA,LONGITUDFINALRUTA,ALTITUDINICIORUTA,ALTITUDFINALRUTA,OBSERVACIONRUTA,VIGENCIA,ELABORADOPOR)
    VALUES ('3','1','1','ruta-1',TO_DATE('04/01/2021','DD/MM/YYYY'),'uuu','uu','777','0','7','8','7','8','7','8','7','8','88','1','3');
INSERT INTO SYSCANVAS.T_RUTA (CODPYTO,CODRUTAPY,NROVERSION,CODRUTA,FECHAREGISTRO,DENOMINACIONRUTA,DENOMINACIONCORTORUTA,NROKMS,
    ZONAGPS,PROGINICIO,PROGFINAL,LATITUDINICIORUTA,LATITUDFINALRUTA,LONGITUDINICIORUTA,LONGITUDFINALRUTA,ALTITUDINICIORUTA,ALTITUDFINALRUTA,OBSERVACIONRUTA,VIGENCIA,ELABORADOPOR)
    VALUES ('1','4','1','ruta-4.1',TO_DATE('23/01/2021','DD/MM/YYYY'),'denominacon','asd','55','1','00+25','22','11','00+25','11','00+25','11','00+25','ob','1','10');
INSERT INTO SYSCANVAS.T_RUTA (CODPYTO,CODRUTAPY,NROVERSION,CODRUTA,FECHAREGISTRO,DENOMINACIONRUTA,DENOMINACIONCORTORUTA,NROKMS,
    ZONAGPS,PROGINICIO,PROGFINAL,LATITUDINICIORUTA,LATITUDFINALRUTA,LONGITUDINICIORUTA,LONGITUDFINALRUTA,ALTITUDINICIORUTA,ALTITUDFINALRUTA,OBSERVACIONRUTA,VIGENCIA,ELABORADOPOR)
    VALUES ('1','1','2','ruta-1',TO_DATE('23/01/2021','DD/MM/YYYY'),'Ok','uu','11','1','00+25','22','1','22','1','22','1','22','....','1','10');
INSERT INTO SYSCANVAS.T_RUTA (CODPYTO,CODRUTAPY,NROVERSION,CODRUTA,FECHAREGISTRO,DENOMINACIONRUTA,DENOMINACIONCORTORUTA,NROKMS,
    ZONAGPS,PROGINICIO,PROGFINAL,LATITUDINICIORUTA,LATITUDFINALRUTA,LONGITUDINICIORUTA,LONGITUDFINALRUTA,ALTITUDINICIORUTA,ALTITUDFINALRUTA,OBSERVACIONRUTA,VIGENCIA,ELABORADOPOR)
    VALUES ('1','3','2','Ruta 3',TO_DATE('08/01/2021','DD/MM/YYYY'),'gvvvv','vv','777','1','77','88','77','88','77','88','77','88','8888','1','11');
INSERT INTO SYSCANVAS.T_RUTA (CODPYTO,CODRUTAPY,NROVERSION,CODRUTA,FECHAREGISTRO,DENOMINACIONRUTA,DENOMINACIONCORTORUTA,NROKMS,
    ZONAGPS,PROGINICIO,PROGFINAL,LATITUDINICIORUTA,LATITUDFINALRUTA,LONGITUDINICIORUTA,LONGITUDFINALRUTA,ALTITUDINICIORUTA,ALTITUDFINALRUTA,OBSERVACIONRUTA,VIGENCIA,ELABORADOPOR)
    VALUES ('1','2','2','ruta-2',TO_DATE('23/01/2021','DD/MM/YYYY'),'uuiuiii','ooo','44','1','00+25','99','88','99','88','99','88','99','kjlkjlñññ','1','3');
INSERT INTO SYSCANVAS.T_RUTA (CODPYTO,CODRUTAPY,NROVERSION,CODRUTA,FECHAREGISTRO,DENOMINACIONRUTA,DENOMINACIONCORTORUTA,NROKMS,
    ZONAGPS,PROGINICIO,PROGFINAL,LATITUDINICIORUTA,LATITUDFINALRUTA,LONGITUDINICIORUTA,LONGITUDFINALRUTA,ALTITUDINICIORUTA,ALTITUDFINALRUTA,OBSERVACIONRUTA,VIGENCIA,ELABORADOPOR)
    VALUES ('1','4','2','ruta-4.1',TO_DATE('23/01/2021','DD/MM/YYYY'),'denominacon','asd','55','1','00+25','22','11','00+25','11','00+25','11','00+25','ob','1','10');

--- T_TRAMO
INSERT INTO SYSCANVAS.T_TRAMO (CODPYTO,CODRUTAPY,CODTRAMOPY,NROVERSION,CODTRAMO,FECHAREGISTRO,DENOMINACIONTRAMO,DENOMINACIONCORTOTRAMO,
    NROKMSTRAMO,ZONAGPS,PROGINICIO,PROGFIN,LATITUDINICIOTRAMO,LATITUDFINALTRAMO,LONGITUDINICIOTRAMO,LONGITUDFINALTRAMO,ALTITUDINICIOTRAMO,ALTITUDFINALTRAMO,OBSERVACIONTRAMO,VIGENCIA,ID)
    VALUES ('1','1','2','1','tram-2',TO_DATE('23/01/2021','DD/MM/YYYY'),'yyyy','yy','33','1','77','8','7','8','7','8','7','8','8','1',null);
INSERT INTO SYSCANVAS.T_TRAMO (CODPYTO,CODRUTAPY,CODTRAMOPY,NROVERSION,CODTRAMO,FECHAREGISTRO,DENOMINACIONTRAMO,DENOMINACIONCORTOTRAMO,
    NROKMSTRAMO,ZONAGPS,PROGINICIO,PROGFIN,LATITUDINICIOTRAMO,LATITUDFINALTRAMO,LONGITUDINICIOTRAMO,LONGITUDFINALTRAMO,ALTITUDINICIOTRAMO,ALTITUDFINALTRAMO,OBSERVACIONTRAMO,VIGENCIA,ID)
    VALUES ('1','2','1','1','tramo-1',TO_DATE('23/01/2021','DD/MM/YYYY'),'sss','ss','4','1',' 00+10','00+10','4','4','4','4','4','4','4','1',null);
INSERT INTO SYSCANVAS.T_TRAMO (CODPYTO,CODRUTAPY,CODTRAMOPY,NROVERSION,CODTRAMO,FECHAREGISTRO,DENOMINACIONTRAMO,DENOMINACIONCORTOTRAMO,
    NROKMSTRAMO,ZONAGPS,PROGINICIO,PROGFIN,LATITUDINICIOTRAMO,LATITUDFINALTRAMO,LONGITUDINICIOTRAMO,LONGITUDFINALTRAMO,ALTITUDINICIOTRAMO,ALTITUDFINALTRAMO,OBSERVACIONTRAMO,VIGENCIA,ID)
    VALUES ('1','2','2','1','tram-2',TO_DATE('07/01/2021','DD/MM/YYYY'),'uuu','uu','13','1',' 00+10','00+10','9','0','9','2','9','3','0','1',null);
INSERT INTO SYSCANVAS.T_TRAMO (CODPYTO,CODRUTAPY,CODTRAMOPY,NROVERSION,CODTRAMO,FECHAREGISTRO,DENOMINACIONTRAMO,DENOMINACIONCORTOTRAMO,
    NROKMSTRAMO,ZONAGPS,PROGINICIO,PROGFIN,LATITUDINICIOTRAMO,LATITUDFINALTRAMO,LONGITUDINICIOTRAMO,LONGITUDFINALTRAMO,ALTITUDINICIOTRAMO,ALTITUDFINALTRAMO,OBSERVACIONTRAMO,VIGENCIA,ID)
    VALUES ('1','2','1','2','tramo-1',TO_DATE('23/01/2021','DD/MM/YYYY'),'sss','ss','4','1',' 00+10','00+10','4','4','4','4','4','4','4','1',null);
INSERT INTO SYSCANVAS.T_TRAMO (CODPYTO,CODRUTAPY,CODTRAMOPY,NROVERSION,CODTRAMO,FECHAREGISTRO,DENOMINACIONTRAMO,DENOMINACIONCORTOTRAMO,
    NROKMSTRAMO,ZONAGPS,PROGINICIO,PROGFIN,LATITUDINICIOTRAMO,LATITUDFINALTRAMO,LONGITUDINICIOTRAMO,LONGITUDFINALTRAMO,ALTITUDINICIOTRAMO,ALTITUDFINALTRAMO,OBSERVACIONTRAMO,VIGENCIA,ID)
    VALUES ('2','1','1','1','tram-1',TO_DATE('22/01/2021','DD/MM/YYYY'),'Ok','uu','33','1',' 00+10','00+10','3','2','3','2','33','3','999','1',null);
INSERT INTO SYSCANVAS.T_TRAMO (CODPYTO,CODRUTAPY,CODTRAMOPY,NROVERSION,CODTRAMO,FECHAREGISTRO,DENOMINACIONTRAMO,DENOMINACIONCORTOTRAMO,
    NROKMSTRAMO,ZONAGPS,PROGINICIO,PROGFIN,LATITUDINICIOTRAMO,LATITUDFINALTRAMO,LONGITUDINICIOTRAMO,LONGITUDFINALTRAMO,ALTITUDINICIOTRAMO,ALTITUDFINALTRAMO,OBSERVACIONTRAMO,VIGENCIA,ID)
    VALUES ('1','1','1','1','tram-1',TO_DATE('23/01/2021','DD/MM/YYYY'),'wwww','ww','11','1',' 00+10','1','1','1','1','1','1','1','111','1',null);
INSERT INTO SYSCANVAS.T_TRAMO (CODPYTO,CODRUTAPY,CODTRAMOPY,NROVERSION,CODTRAMO,FECHAREGISTRO,DENOMINACIONTRAMO,DENOMINACIONCORTOTRAMO,
    NROKMSTRAMO,ZONAGPS,PROGINICIO,PROGFIN,LATITUDINICIOTRAMO,LATITUDFINALTRAMO,LONGITUDINICIOTRAMO,LONGITUDFINALTRAMO,ALTITUDINICIOTRAMO,ALTITUDFINALTRAMO,OBSERVACIONTRAMO,VIGENCIA,ID)
    VALUES ('1','1','1','2','tram-1',TO_DATE('23/01/2021','DD/MM/YYYY'),'wwww','ww','11','1',' 00+10','1','1','1','1','1','1','1','111','1',null);
INSERT INTO SYSCANVAS.T_TRAMO (CODPYTO,CODRUTAPY,CODTRAMOPY,NROVERSION,CODTRAMO,FECHAREGISTRO,DENOMINACIONTRAMO,DENOMINACIONCORTOTRAMO,
    NROKMSTRAMO,ZONAGPS,PROGINICIO,PROGFIN,LATITUDINICIOTRAMO,LATITUDFINALTRAMO,LONGITUDINICIOTRAMO,LONGITUDFINALTRAMO,ALTITUDINICIOTRAMO,ALTITUDFINALTRAMO,OBSERVACIONTRAMO,VIGENCIA,ID)
    VALUES ('1','1','2','2','tram-2',TO_DATE('23/01/2021','DD/MM/YYYY'),'yyyy','yy','33','1','77','8','7','8','7','8','7','8','8','1',null);
INSERT INTO SYSCANVAS.T_TRAMO (CODPYTO,CODRUTAPY,CODTRAMOPY,NROVERSION,CODTRAMO,FECHAREGISTRO,DENOMINACIONTRAMO,DENOMINACIONCORTOTRAMO,
    NROKMSTRAMO,ZONAGPS,PROGINICIO,PROGFIN,LATITUDINICIOTRAMO,LATITUDFINALTRAMO,LONGITUDINICIOTRAMO,LONGITUDFINALTRAMO,ALTITUDINICIOTRAMO,ALTITUDFINALTRAMO,OBSERVACIONTRAMO,VIGENCIA,ID)
    VALUES ('1','2','2','2','tram-2',TO_DATE('07/01/2021','DD/MM/YYYY'),'uuu','uu','13','1',' 00+10','00+10','9','0','9','2','9','3','0','1',null);

--- T_SUBTRAMO
INSERT INTO SYSCANVAS.T_SUBTRAMO (CODPYTO,CODRUTAPY,CODTRAMOPY,CODSUBTRAMOPY,NROVERSION,CODSUBTRAMO,FECHAREGISTRO,DENOMINACIONSUBTRAMO,
    DENOMINACIONCORTOSUBTRAMO,NROKMSSUBTRAMO,ZONAGPS,PROGINICIO,PROGFIN,LATITUDINICIOSUBTRAMO,LATITUDFINALSUBTRAMO,LONGITUDINICIOSUBTRAMO,
    LONGITUDFINALSUBTRAMO,ALTITUDINICIOSUBTRAMO,ALTITUDFINALSUBTRAMO,OBSERVACIONSUBTRAMO,VIGENCIA)
    VALUES ('1','1','1','1','2','Sub-TRamo1',TO_DATE('23/01/2021','DD/MM/YYYY'),'denomuac sub tamo','deno corto','44','1','00+25','6','00+25','6','6','6','6','6','6','1');

--- T_TIPO_DOC
INSERT INTO SYSCANVAS.T_TIPO_DOC (TIPDOC,DENDOC,DENCORTA,VIGENTE) VALUES ('1','Imagen','IMG','1');
INSERT INTO SYSCANVAS.T_TIPO_DOC (TIPDOC,DENDOC,DENCORTA,VIGENTE) VALUES ('2','PDF','PDF','1');

--- T_TIPOINTERVENC
INSERT INTO SYSCANVAS.T_TIPOINTERVENC (TIPINTERV,DENINTERV,DENCORINTERV,VIGENCIA) VALUES ('1','Intervencion 01','Int 01','1');
INSERT INTO SYSCANVAS.T_TIPOINTERVENC (TIPINTERV,DENINTERV,DENCORINTERV,VIGENCIA) VALUES ('2','Intervencion 02','Int 02',null);

--- T_TIPOPAVIMENTO
INSERT INTO SYSCANVAS.T_TIPOPAVIMENTO (TIPPAV,DENPAV,VIGENCIA) VALUES ('1','Pavimento rigido','1');
INSERT INTO SYSCANVAS.T_TIPOPAVIMENTO (TIPPAV,DENPAV,VIGENCIA) VALUES ('2','Pav. Tierra','1');

--- T_TRAMO_VIDEODET
INSERT INTO SYSCANVAS.T_TRAMO_VIDEODET (CODPYTO,CODRUTAPY,CODTRAMOPY,NROVERSION,CORREL,SECUEN,ORDEN,PROGINI,PROGFIN,INIVIDEO,DURVIDEO,DESCRIPCION,TIPPAV,TIPINTERV,OBSERVAC,FLGVIGENCIA,ID)
    VALUES ('1','1','1','1','3','1','1','000 + 400','0000 + 80',null,null,'Desc','1','1','Pbs','1',null);
INSERT INTO SYSCANVAS.T_TRAMO_VIDEODET (CODPYTO,CODRUTAPY,CODTRAMOPY,NROVERSION,CORREL,SECUEN,ORDEN,PROGINI,PROGFIN,INIVIDEO,DURVIDEO,DESCRIPCION,TIPPAV,TIPINTERV,OBSERVAC,FLGVIGENCIA,ID)
    VALUES ('1','1','1','1','1','1','1','000 + 400','0000 + 80','0,4','1,59','Descripcion 1','1','1','Observacion 1','1',null);
INSERT INTO SYSCANVAS.T_TRAMO_VIDEODET (CODPYTO,CODRUTAPY,CODTRAMOPY,NROVERSION,CORREL,SECUEN,ORDEN,PROGINI,PROGFIN,INIVIDEO,DURVIDEO,DESCRIPCION,TIPPAV,TIPINTERV,OBSERVAC,FLGVIGENCIA,ID)
    VALUES ('1','1','1','1','2','1','1',null,null,null,null,'Descripcion 2','1','1','Observacion 2','1',null);
INSERT INTO SYSCANVAS.T_TRAMO_VIDEODET (CODPYTO,CODRUTAPY,CODTRAMOPY,NROVERSION,CORREL,SECUEN,ORDEN,PROGINI,PROGFIN,INIVIDEO,DURVIDEO,DESCRIPCION,TIPPAV,TIPINTERV,OBSERVAC,FLGVIGENCIA,ID)
    VALUES ('1','1','1','1','4','1','1','000 + 400','0000 + 80','0,4','1,59','Desc','1','1','Obs','1',null);
INSERT INTO SYSCANVAS.T_TRAMO_VIDEODET (CODPYTO,CODRUTAPY,CODTRAMOPY,NROVERSION,CORREL,SECUEN,ORDEN,PROGINI,PROGFIN,INIVIDEO,DURVIDEO,DESCRIPCION,TIPPAV,TIPINTERV,OBSERVAC,FLGVIGENCIA,ID)
    VALUES ('1','1','1','1','1','2','3','000 + 400','000 + 400','0,2','2','Mal estado de la via','2','2','hjhjhjhj','1',null);
INSERT INTO SYSCANVAS.T_TRAMO_VIDEODET (CODPYTO,CODRUTAPY,CODTRAMOPY,NROVERSION,CORREL,SECUEN,ORDEN,PROGINI,PROGFIN,INIVIDEO,DURVIDEO,DESCRIPCION,TIPPAV,TIPINTERV,OBSERVAC,FLGVIGENCIA,ID)
    VALUES ('1','1','1','1','1','4','2','000 + 400','000 + 400',null,null,'rrrrr','1','1','gggg','1',null);
INSERT INTO SYSCANVAS.T_TRAMO_VIDEODET (CODPYTO,CODRUTAPY,CODTRAMOPY,NROVERSION,CORREL,SECUEN,ORDEN,PROGINI,PROGFIN,INIVIDEO,DURVIDEO,DESCRIPCION,TIPPAV,TIPINTERV,OBSERVAC,FLGVIGENCIA,ID)
    VALUES ('1','1','1','1','2','44','4','000 + 400','0000 + 80',null,null,'4444','1','1','44','1',null);
INSERT INTO SYSCANVAS.T_TRAMO_VIDEODET (CODPYTO,CODRUTAPY,CODTRAMOPY,NROVERSION,CORREL,SECUEN,ORDEN,PROGINI,PROGFIN,INIVIDEO,DURVIDEO,DESCRIPCION,TIPPAV,TIPINTERV,OBSERVAC,FLGVIGENCIA,ID)
    VALUES ('2','1','1','1','3','1','1','50+000','100+000','0,2','2','Pista mal estado','2','2','...','1',null);

--- T_TRAMO_VIDEOF
INSERT INTO SYSCANVAS.T_TRAMO_VIDEOF (CODPYTO,CODRUTAPY,CODTRAMOPY,NROVERSION,CORREL,ORDEN,PROGINI,PROGFIN,DESCRIPCION,CODCRITERIO,TIPVIDEOFOTO,CODFOTOVIDEO,INIVIDEO,DURVIDEO,VIGENCIA,OBSERVACION,ID)
    VALUES ('1','1','1','1','3','2','000 + 400','0000 + 80','Desc','1','F','22',null,null,'1','Obs',null);
INSERT INTO SYSCANVAS.T_TRAMO_VIDEOF (CODPYTO,CODRUTAPY,CODTRAMOPY,NROVERSION,CORREL,ORDEN,PROGINI,PROGFIN,DESCRIPCION,CODCRITERIO,TIPVIDEOFOTO,CODFOTOVIDEO,INIVIDEO,DURVIDEO,VIGENCIA,OBSERVACION,ID)
    VALUES ('1','1','1','1','1','1','000 + 400','0000 + 80','Descripcion 1','1','V','123454','0,4','1,59','1','Observacion 1',null);
INSERT INTO SYSCANVAS.T_TRAMO_VIDEOF (CODPYTO,CODRUTAPY,CODTRAMOPY,NROVERSION,CORREL,ORDEN,PROGINI,PROGFIN,DESCRIPCION,CODCRITERIO,TIPVIDEOFOTO,CODFOTOVIDEO,INIVIDEO,DURVIDEO,VIGENCIA,OBSERVACION,ID)
    VALUES ('1','1','1','1','2','1',null,null,'Descripcion 2','1','F','123456',null,null,'1','Observacion 2',null);
INSERT INTO SYSCANVAS.T_TRAMO_VIDEOF (CODPYTO,CODRUTAPY,CODTRAMOPY,NROVERSION,CORREL,ORDEN,PROGINI,PROGFIN,DESCRIPCION,CODCRITERIO,TIPVIDEOFOTO,CODFOTOVIDEO,INIVIDEO,DURVIDEO,VIGENCIA,OBSERVACION,ID)
    VALUES ('1','1','1','1','4','3','000 + 400','0000 + 80','Desc','1','V','123454','0,4','1,59','1','Obs',null);
INSERT INTO SYSCANVAS.T_TRAMO_VIDEOF (CODPYTO,CODRUTAPY,CODTRAMOPY,NROVERSION,CORREL,ORDEN,PROGINI,PROGFIN,DESCRIPCION,CODCRITERIO,TIPVIDEOFOTO,CODFOTOVIDEO,INIVIDEO,DURVIDEO,VIGENCIA,OBSERVACION,ID)
    VALUES ('2','1','1','1','1','1','000 + 000','50 + 000','Via regular','2','F','1',null,null,'1','...',null);
INSERT INTO SYSCANVAS.T_TRAMO_VIDEOF (CODPYTO,CODRUTAPY,CODTRAMOPY,NROVERSION,CORREL,ORDEN,PROGINI,PROGFIN,DESCRIPCION,CODCRITERIO,TIPVIDEOFOTO,CODFOTOVIDEO,INIVIDEO,DURVIDEO,VIGENCIA,OBSERVACION,ID)
    VALUES ('2','1','1','1','2','2','000 + 000','0000 + 80','Pista mal estado','1','F','2',null,null,'1','....',null);
INSERT INTO SYSCANVAS.T_TRAMO_VIDEOF (CODPYTO,CODRUTAPY,CODTRAMOPY,NROVERSION,CORREL,ORDEN,PROGINI,PROGFIN,DESCRIPCION,CODCRITERIO,TIPVIDEOFOTO,CODFOTOVIDEO,INIVIDEO,DURVIDEO,VIGENCIA,OBSERVACION,ID)
    VALUES ('2','1','1','1','3','3','50 + 000','100+000','Pista malo','1','V','1','0,5','1','1','...',null);

COMMIT;